,dbn,schoolname,rr_s,N_s,nr_s,saf_s_11,com_s_11,eng_s_11,aca_s_11
2,01M015,P.S. 015 Roberto Clemente,,,0,,,,
3,01M019,P.S. 019 Asher Levy,,,0,,,,
4,01M020,P.S. 020 Anna Silver,,,0,,,,
5,01M034,P.S. 034 Franklin D. Roosevelt,89,145,163,6.2,5.9,6.5,7.4
6,01M063,P.S. 063 William McKinley,,,0,,,,
7,01M064,P.S. 064 Robert Simon,,,0,,,,
8,01M110,P.S. 110 Florence Nightingale,,,0,,,,
9,01M134,P.S. 134 Henrietta Szold,,,0,,,,
10,01M137,P.S. 137 John L. Bernstein,,,0,,,,
11,01M140,P.S. 140 Nathan Straus,98,185,189,7.6,6.7,7.5,8
12,01M142,P.S. 142 Amalia Castro,,,0,,,,
13,01M184,P.S. 184 Shuang Wen,96,156,162,7.4,5.9,7.2,7.7
14,01M188,P.S. 188 The Island School,82,119,146,6.8,6.3,7,7.5
15,01M292,Henry Street School for International Studies,89,379,425,6,5.6,6.1,6.7
16,01M301,"Technology, Arts, and Sciences Studio",99,181,182,5.8,5.9,6.4,7
17,01M315,The East Village Community School,,,0,,,,
18,01M332,University Neighborhood Middle School,96,110,115,7.2,6.6,7,8.1
19,01M345,"Collaborative Academy of Science, Technology, & La",100,254,255,7,6.3,7,7.6
20,01M361,The Children's Workshop School,,,0,,,,
21,01M363,Neighborhood School,,,0,,,,
22,01M364,Earth School,,,0,,,,
23,01M378,School for Global Leaders,78,204,260,7.5,7.7,7.3,8
24,01M448,University Neighborhood High School,84,385,459,6,5.7,6.3,7
25,01M450,East Side Community School,0,,566,,,,
26,01M458,Forsyth Satellite Academy,40,66,167,6.8,6.1,6.1,6.8
27,01M509,Marta Valle High School,90,306,339,6.4,5.9,6.4,7
28,01M515,Lower East Side Preparatory High School,95,454,477,8,6.3,7,7.3
29,01M539,"New Explorations into Science, Technology and Math",98,923,945,7.3,6.4,7,7.7
30,01M650,Cascades High School,75,125,166,8.1,6.9,7.9,8.4
31,01M696,Bard High School Early College,98,561,571,8.3,7.3,8,8.9
32,01M839,Tompkins Square Middle School,88,340,388,7.6,7.2,7.8,8.1
33,02M001,P.S. 001 Alfred E. Smith,,,0,,,,
34,02M002,P.S. 002 Meyer London,,,0,,,,
35,02M003,P.S. 003 Charrette School,,,0,,,,
36,02M006,P.S. 006 Lillie D. Blake,,,0,,,,
37,02M011,P.S. 011 William T. Harris,,,0,,,,
38,02M033,P.S. 033 Chelsea Prep,,,0,,,,
39,02M040,P.S. 040 Augustus Saint-Gaudens,,,0,,,,
40,02M041,P.S. 041 Greenwich Village,,,0,,,,
41,02M042,P.S. 042 Benjamin Altman,,,0,,,,
42,02M047,47 The American Sign Language and English Secondar,72,109,152,7.3,6.3,7,7.5
43,02M051,P.S. 051 Elias Howe,,,0,,,,
44,02M059,P.S. 059 Beekman Hill International,,,0,,,,
45,02M077,P.S. 77 Lower Lab School,,,0,,,,
46,02M089,P.S. 89,,,0,,,,
47,02M104,J.H.S. 104 Simon Baruch,96,945,985,6.6,6.2,6.7,7.5
48,02M111,P.S. 111 Adolph S. Ochs,94,207,221,6.8,6.7,7.4,7.8
49,02M114,East Side Middle School,98,429,436,8.5,7.4,8.2,8.2
50,02M116,P.S. 116 Mary Lindley Murray,,,0,,,,
51,02M124,P.S. 124 Yung Wing,,,0,,,,
52,02M126,P.S. 126 Jacob August Riis,95,332,349,6.9,6.5,7.4,7.8
53,02M130,P.S. 130 Hernando De Soto,,,0,,,,
54,02M131,M.S. 131,89,616,694,6.8,6,6.7,7.1
55,02M150,P.S. 150,,,0,,,,
56,02M151,Yorkville Community School,,,0,,,,
57,02M158,P.S. 158 Bayard Taylor,,,0,,,,
58,02M167,J.H.S. 167 Robert F. Wagner,93,1126,1211,6.8,6.3,6.8,7.6
59,02M183,P.S. 183 Robert L. Stevenson,,,0,,,,
60,02M198,P.S. 198 Isador E. Ida Straus,,,0,,,,
61,02M212,P.S. 212 Midtown West,,,0,,,,
62,02M217,P.S./I.S. 217 Roosevelt Island,95,84,88,6.3,5.8,6.6,7.2
63,02M225,Ella Baker School,51,35,69,7.4,7.3,7.6,8.2
64,02M234,P.S. 234 Independence School,,,0,,,,
65,02M255,M.S. 255 Salk School of Science,95,366,386,7.9,7.6,8,8.3
66,02M260,M.S. 260 Clinton School Writers & Artists,94,255,272,7.4,6.4,7.3,7.8
67,02M267,P.S. 267,,,0,,,,
68,02M276,BATTERY PARK CITY SCHOOL,97,59,61,7.8,7.2,8.1,8.3
69,02M288,Food and Finance High School,86,348,407,6.2,5.7,6.1,7.2
70,02M289,I.S. 289,99,275,278,7.5,6.7,7.2,7.5
71,02M290,P.S. 290 Manhattan New School,,,0,,,,
72,02M294,Essex Street Academy,48,150,314,7.4,6.5,7.3,7.6
73,02M296,High School of Hospitality Management,61,233,385,7.1,6.5,7,7.4
74,02M298,Pace High School,96,392,407,6.6,6.2,6.7,7.5
75,02M300,"Urban Assembly School of Design and Construction,",92,349,381,6.5,5.7,6.1,7.2
76,02M303,"Facing History School, The",83,319,386,7,6.6,6.8,7.4
77,02M305,"Urban Assembly Academy of Government and Law, The",82,223,273,6,6,6,7.2
78,02M308,Lower Manhattan Arts Academy,78,240,307,6.6,5.8,6.7,7.3
79,02M312,New York City Lab Middle School for Collaborative,99,554,561,7.9,7.2,7.7,7.9
80,02M313,"James Baldwin School, The: A School for Expedition",70,146,210,7.6,7.4,7.4,8.2
81,02M316,"Urban Assembly School of Business for Young Women,",86,294,341,6.8,6.4,6.7,7.6
82,02M347,The 47 American Sign Language & English Lower Scho,90,53,59,7.4,7,7.6,8
83,02M374,Gramercy Arts High School,96,428,448,6.1,6,6.3,7.2
84,02M376,NYC iSchool,89,278,312,7.8,7,7.6,8.1
85,02M392,MANHATTAN BUSINESS ACADEMY,83,172,206,6.9,6.4,6.8,7.5
86,02M393,BUSINESS OF SPORTS SCHOOL,92,194,210,6.2,6.1,6.3,7
87,02M394,EMMA LAZARUS HIGH SCHOOL,93,228,244,8.2,7.1,7.3,8
88,02M397,SPRUCE STREET SCHOOL,,,0,,,,
89,02M399,THE HIGH SCHOOL FOR LANGUAGE AND DIPLOMACY,84,123,147,6.6,5.7,6.3,6.9
90,02M400,High School for Environmental Studies,81,1114,1383,7.1,6.2,7,7.8
91,02M407,Institute for Collaborative Education,95,464,487,7.5,7.8,7.9,8.3
92,02M408,Professional Performing Arts High School,86,408,477,7.1,5.9,6.5,7.2
93,02M411,Baruch College Campus High School,85,372,438,7.8,7,7,7.8
94,02M412,N.Y.C. Lab School for Collaborative Studies,93,482,520,7.5,6.9,7,7.7
95,02M413,School of the Future High School,83,540,650,7.1,6.8,6.9,7.7
96,02M414,N.Y.C. Museum School,99,428,431,7.1,6.1,6.7,7.4
97,02M416,Eleanor Roosevelt High School,85,423,497,8.1,7,7.4,8.2
98,02M418,Millennium High School,95,596,630,7.5,6.9,6.8,7.9
99,02M419,Landmark High School,79,328,417,6.7,6.2,6.2,7
100,02M420,High School for Health Professions and Human Servi,93,1536,1643,6.5,5.5,6.1,7.1
101,02M422,Quest to Learn,84,108,128,6.8,7.1,6.8,7.5
102,02M425,Leadership and Public Service High School,63,378,601,6.1,5.4,6.1,6.9
103,02M427,MANHATTAN ACADEMY FOR ARTS & LANGUAGE,95,82,86,7.7,6,7.3,7.6
104,02M429,Legacy School for Integrated Studies,77,244,317,6.1,5.8,6,7
105,02M432,MURRAY HILL ACADEMY,88,114,129,6.2,5.7,6.2,6.9
106,02M437,HUDSON HIGH SCHOOL OF LEARNING TECHNOLOGIES,94,102,109,7,7,6.9,7.5
107,02M438,INTERNATIONAL HIGH SCHOOL AT UNION SQUARE,86,82,95,7.5,6.8,7.3,7.3
108,02M439,Manhattan Village Academy,99,425,431,7.6,6.4,6.9,7.9
109,02M440,Bayard Rustin Educational Complex,54,230,426,5.9,5.1,5.7,6.1
110,02M442,"Ballet Tech, NYC Public School for Dance",100,65,65,8.2,7.6,8.3,8.5
111,02M449,Vanguard High School,82,333,404,7,6.4,6.7,7.5
112,02M459,Manhattan International High School,93,295,316,7.8,6.8,6.9,7.6
113,02M460,Washington Irving High School,76,880,1158,6,5.7,6.1,6.9
114,02M473,Washington Irving Yabc,58,75,130,7.8,6.1,7.2,7.6
115,02M475,Stuyvesant High School,93,3039,3269,7.5,6.2,7,7.9
116,02M489,High School of Economics and Finance,91,702,772,6.6,5.7,6,7.1
117,02M500,Unity Center for Urban Technologies,86,185,216,7.9,7.4,7.3,7.9
118,02M519,Talent Unlimited High School,90,437,487,7,6.2,6.8,7.5
119,02M520,Murry Bergtraum High School for Business Careers,75,1669,2228,5.7,5.3,5.7,6.5
120,02M529,Jacqueline Kennedy Onassis High School,79,527,667,7.1,6,6.7,7.4
121,02M531,Repertory Company High School for Theatre Arts,93,194,208,5.9,5.6,5.7,6.5
122,02M542,Manhattan Bridges High School,94,480,511,7.2,6.2,6.7,7.5
123,02M543,New Design High School,80,321,402,7,6.3,6.8,7.4
124,02M544,Independence High School,30,108,360,9.2,9.3,9.5,9.5
125,02M545,High School for Dual Language and Asian Studies,0,,334,,,,
126,02M550,Liberty High School Academy for Newcomers,91,349,382,7.7,6.3,7.1,7.5
127,02M551,New York Harbor School,71,276,389,6.8,6,6.7,7.4
128,02M560,High School M560 - City As School,41,199,487,8.6,7.2,7.9,8.5
129,02M565,Urban Academy Laboratory High School,99,153,154,9.1,8.3,8.7,9.3
130,02M570,Satellite Academy High School,54,99,184,8.1,7.1,7.8,7.9
131,02M575,Manhattan Comprehensive Night and Day High School,92,677,735,8.7,6.8,8.1,8.3
132,02M580,Richard R. Green High School of Teaching,93,519,558,6.6,5.7,6.4,7
133,02M586,Harvey Milk High School,64,39,61,7.4,6.9,7.6,8
134,02M600,The High School of Fashion Industries,94,1495,1592,6.5,5.6,6.5,7.3
135,02M605,Humanities Preparatory Academy,71,129,182,7,6.7,6.6,7.3
136,02M615,Chelsea Career and Technical Education High School,97,468,482,6.5,5.8,6.3,7.3
137,02M620,Norman Thomas High School,23,368,1608,6.2,5.6,6.1,6.8
138,02M625,High School of Graphic Communication Arts,75,1192,1599,5.7,5.4,5.7,6.5
139,02M630,Art and Design High School,83,1019,1230,6.7,5.9,6.5,7.2
140,02M655,Life Sciences Secondary School,73,474,645,5.9,5.7,6.4,6.9
141,02M896,Lower Manhattan Community Middle School,97,234,241,7,6.6,7,7.7
142,03M009,P.S. 009 Sarah Anderson,,,0,,,,
143,03M044,J.H.S. M044 William J. O'Shea,97,61,63,7.3,6.3,7.3,8
144,03M054,J.H.S. 054 Booker T. Washington,96,804,839,7.5,6.5,7.5,7.9
145,03M075,P.S. 075 Emily Dickinson,,,0,,,,
146,03M076,P.S. 076 A. Philip Randolph,96,101,105,7.9,7.1,8.4,8.9
147,03M084,P.S. 084 Lillian Weber,,,0,,,,
148,03M087,P.S. 087 William Sherman,,,0,,,,
149,03M145,"P.S. 145, The Bloomingdale School",,,0,,,,
150,03M149,P.S. 149 Sojourner Truth,98,104,106,6.2,6,6.7,7.6
151,03M163,P.S. 163 Alfred E. Smith,,,0,,,,
152,03M165,P.S. 165 Robert E. Simon,83,135,163,7,6.6,6.9,7.9
153,03M166,P.S. 166 The Richard Rodgers School of The Arts an,,,0,,,,
154,03M180,P.S. 180 Hugo Newman,100,80,80,7.8,6.5,7.9,8
155,03M185,P.S. 185 John M. Langston,,,0,,,,
156,03M191,P.S. 191 Amsterdam,88,159,181,6.3,6.5,6.7,7.8
157,03M199,P.S. 199 Jessie Isador Straus,,,0,,,,
158,03M208,P.S. 208 Alain L. Locke,,,0,,,,
159,03M241,P.S. 241 Family Academy,76,31,41,7.7,8.2,8,8.3
160,03M242,PS M242-Gwendolyn Powell Brown Computer School,,,0,,,,
161,03M243,M.S. 243 Center School,99,155,157,8.4,7.4,8.5,8.2
162,03M245,M.S. M245 The Computer School,92,367,401,7.9,6.9,7.7,8.3
163,03M247,M.S. M247 Dual Language Middle School,94,186,198,8.7,8,8.6,9.1
164,03M250,M.S. 250 West Side Collaborative Middle School,97,175,181,7.9,7.1,7.7,8.2
165,03M256,M.S. 256 Academic & Athletic Excellence,82,134,163,6.8,6.8,6.6,7.8
166,03M258,Community Action School - MS 258,87,214,245,7,6.3,7,7.6
167,03M283,Manhattan Theatre Lab High School,53,186,350,6.1,6,6.3,7
168,03M299,"High School for Arts, Imagination and Inquiry",91,344,379,6.5,5.8,6.4,7.1
169,03M307,"Urban Assembly School for Media Studies, The",80,263,330,6.9,6.2,7.1,7.6
170,03M333,P.S. 333 Manhattan School for Children,69,124,181,6.9,6.6,7.3,7.8
171,03M334,The Anderson School,100,192,192,7.7,7,7.9,8.5
172,03M402,THE URBAN ASSEMBLY SCHOOL FOR GREEN CAREERS,53,93,177,6.3,6.4,6.3,7.2
173,03M403,THE GLOBAL LEARNING COLLABORATIVE,79,162,204,7,6.7,7.1,7.4
174,03M404,INNOVATION DIPLOMA PLUS,73,147,201,7.3,6.4,6.8,7.5
175,03M415,Wadleigh Secondary School for the Performing & Vis,71,336,474,6,5.5,5.9,6.6
176,03M417,FRANK McCOURT HIGH SCHOOL,98,97,99,7.3,7.3,7.1,7.7
177,03M421,WEST PREP ACADEMY,79,85,107,5.6,6.4,6.6,7.7
178,03M452,P.S. 452,,,0,,,,
179,03M470,Louis D. Brandeis High School,65,400,618,6.3,5.5,6.1,6.6
180,03M479,Beacon High School,82,934,1145,7.8,7.2,7.6,8.2
181,03M485,Fiorello H. LaGuardia High School of Music & Art a,93,2345,2530,7.1,5.9,6.6,7.6
182,03M492,"High School for Law, Advocacy and Community Justic",80,385,481,6.2,6,6.2,7.4
183,03M494,High School of Arts and Technology,87,502,574,6.4,5.8,6.5,7.1
184,03M505,Edward A. Reynolds West Side High School,59,248,423,7.4,6.1,6.9,7.5
185,03M541,Manhattan / Hunter Science High School,96,427,447,7.3,6.5,6.9,7.6
186,03M577,Brandeis Yabc,48,19,40,7.5,6.1,7.2,7.6
187,03M859,Special Music School,98,39,40,8.6,7.4,8,8.3
188,03M860,Frederick Douglass Academy II Secondary School,88,343,388,5.8,5.8,5.9,7
189,03M862,Mott Hall II,97,283,291,7.5,6.6,7.6,8.2
190,04M007,P.S. 007 Samuel Stern,98,126,129,7.1,6.1,7.2,7.8
191,04M012,Tag Young Scholars,100,149,149,7.9,7.6,8.4,8.7
192,04M013,J.H.S. 013 Jackie Robinson,63,160,252,5.8,5.5,6.3,7.1
193,04M037,River East Elementary,,,0,,,,
194,04M038,P.S. 38 Roberto Clemente,,,0,,,,
195,04M045,M.S. 45/S.T.A.R.S. Prep Academy,92,271,293,6.4,6.3,6.7,7.8
196,04M050,P.S. 050 Vito Marcantonio,86,117,136,5.8,6.1,6.5,7.4
197,04M057,James Weldon Johnson,98,130,132,7.6,6.7,7.9,8.5
198,04M072,The Lexington Academy,,,0,,,,
199,04M083,P.S. 083 Luis Munoz Rivera,,,0,,,,
200,04M096,P.S. 096 Joseph Lanzetta,94,165,175,6.5,5.9,7,7.5
201,04M102,P.S. 102 Jacques Cartier,,,0,,,,
202,04M108,P.S. 108 Assemblyman Angelo Del Toro Educational C,96,281,293,7.6,6.8,7.7,8.5
203,04M112,P.S. 112 Jose Celso Barbosa,,,0,,,,
204,04M146,P.S. 146 Ann M. Short,,,0,,,,
205,04M155,P.S. 155 William Paca,,,0,,,,
206,04M171,P.S. 171 Patrick Henry,98,234,238,7.8,7.4,8.1,8.7
207,04M182,The Bilingual Bicultural School,,,0,,,,
208,04M206,P.S. 206 Jose Celso Barbosa,,,0,,,,
209,04M224,M.S. 224 Manhattan East School for Arts & Academic,88,217,248,7.1,6.9,7.7,8.1
210,04M372,ESPERANZA PREPARATORY ACADEMY,97,259,268,7.8,7.7,8.2,8.4
211,04M375,Mosaic Preparatory Academy,,,0,,,,
212,04M377,Renaissance School of the Arts,88,168,192,6.1,6.1,6.9,7.5
213,04M381,Global Neighborhood Secondary School,97,182,188,6.5,6.4,7,7.7
214,04M406,GLOBAL TECHNOLOGY PREPARATORY,93,109,117,7.6,7.4,8.5,8.8
215,04M409,Coalition School for Social Change,87,321,368,6.6,6.1,6.6,7.2
216,04M435,Manhattan Center for Science and Mathematics,92,1546,1685,6.6,5.5,6.5,7.2
217,04M495,Park East High School,85,303,355,7,6.3,6.9,7.6
218,04M497,Central Park East I,,,0,,,,
219,04M555,Central Park East High School,87,342,394,6.6,5.8,6,7.4
220,04M610,Young Women's Leadership School,85,380,447,7.5,6.6,7.2,8.3
221,04M635,Academy of Environmental Science Secondary High Sc,94,235,250,6.4,5.9,6.3,6.9
222,04M680,"Heritage School, The",92,262,286,6.4,5.9,6.4,7
223,04M825,Isaac Newton Middle School for Math & Science,93,332,357,6.7,6.7,7.2,8
224,04M964,Central Park East II,,,0,,,,
225,05M030,P.S. 030 Hernandez/Hughes,,,0,,,,
226,05M036,P.S. 036 Margaret Douglas,,,0,,,,
227,05M046,P.S. 046 Arthur Tappan,96,135,140,7.2,6.6,7.6,8
228,05M092,P.S. 092 Mary McLeod Bethune,,,0,,,,
229,05M123,P.S. 123 Mahalia Jackson,76,136,179,5.6,4.9,6.1,7.2
230,05M125,P.S. 125 Ralph Bunche,,,0,,,,
231,05M129,P.S. 129 John H. Finley,82,160,196,6.6,6.6,7.8,8.2
232,05M133,P.S. 133 Fred R Moore,,,0,,,,
233,05M154,P.S. 154 Harriet Tubman,,,0,,,,
234,05M161,P.S. 161 Pedro Albizu Campos,97,260,269,7,6.5,7.7,8.3
235,05M175,P.S. 175 Henry H Garnet,,,0,,,,
236,05M194,P.S. 194 Countee Cullen,,,0,,,,
237,05M195,I.S. 195 Roberto Clemente,73,282,387,6.3,5.8,6.8,7.4
238,05M197,P.S. 197 John B. Russwurm,,,0,,,,
239,05M200,P.S. 200- The James Mccune Smith School,,,0,,,,
240,05M285,Harlem Renaissance High School,68,117,171,7,6.2,6.9,7.5
241,05M286,I.S. M286 Renaissance Military Leadership Academy,88,220,251,8.4,8,8.7,8.8
242,05M302,KAPPA IV,97,202,208,6.2,6.4,6.6,7.6
243,05M304,Mott Hall High School,99,377,380,6.2,6,6.2,7.2
244,05M317,Kappa II,75,38,51,6.2,6,6.4,7.2
245,05M318,Thurgood Marshall Academy Lower School,,,0,,,,
246,05M344,Academy of Collaborative Education,88,93,106,6.1,6.1,6.7,7.5
247,05M362,Columbia Secondary School,91,343,377,6.9,6.8,7,7.4
248,05M367,Academy for Social Action: A College Board School,71,285,402,5.7,5.6,6.1,6.9
249,05M369,Urban Assembly School for the Performing Arts,87,281,323,5.2,5.2,5.5,6.4
250,05M410,THE URBAN ASSEMBLY INSTITUTE FOR NEW TECHNOLOGIES,90,101,112,6.8,6.7,7,7.8
251,05M469,Choir Academy of Harlem,95,313,330,6,5.8,6.4,7
252,05M499,Frederick Douglass Academy,71,1049,1486,5.7,5.3,6.3,7.3
253,05M670,Thurgood Marshall Academy for Learning and Social,72,405,562,6.7,6.4,6.7,7.6
254,05M685,Bread & Roses Integrated Arts High School,74,346,465,5.5,5.2,5.5,6.6
255,05M692,"High School for Mathematics, Science and Engineeri",89,357,402,7.8,6.7,7.2,8.2
256,06M004,P.S. 004 Duke Ellington,,,0,,,,
257,06M005,P.S. 005 Ellen Lurie,,,0,,,,
258,06M008,P.S. 008 Luis Belliard,,,0,,,,
259,06M018,P.S. 018 Park Terrace,81,127,157,7.5,6.7,7.6,7.9
260,06M028,P.S. 028 Wright Brothers,,,0,,,,
261,06M048,P.S. 048 P.O. Michael J. Buczek,,,0,,,,
262,06M052,J.H.S. 052 Inwood,98,704,717,7,6.1,7,7.6
263,06M098,P.S. 098 Shorac Kappock,,,0,,,,
264,06M115,P.S. 115 Alexander Humboldt,,,0,,,,
265,06M128,P.S. 128 Audubon,,,0,,,,
266,06M132,P.S. 132 Juan Pablo Duarte,,,0,,,,
267,06M143,J.H.S. 143 Eleanor Roosevelt,97,649,668,6.7,6.2,7.1,7.8
268,06M152,P.S. 152 Dyckman Valley,,,0,,,,
269,06M153,P.S. 153 Adam Clayton Powell,,,0,,,,
270,06M173,P.S. 173,,,0,,,,
271,06M178,Professor Juan Bosch Public School,,,0,,,,
272,06M187,P.S./I.S. 187 Hudson Cliffs,98,254,259,7.1,6.6,7.2,7.8
273,06M189,P.S. 189,,,0,,,,
274,06M192,P.S. 192 Jacob H. Schiff,,,0,,,,
275,06M210,P.S./I.S. 210 - Twenty-first Century Academy for,99,142,143,7.6,6.4,7.7,8.1
276,06M218,I.S. 218 Salome Urena,88,311,355,7,6.4,7,7.6
277,06M223,The Mott Hall School,99,373,377,7.1,5.9,6.9,8.1
278,06M278,Paula Hedbavny School,100,192,192,7.5,6.4,7.8,8.5
279,06M293,City College Academy of the Arts,87,441,507,7.8,6.9,7.7,8.3
280,06M311,Amistad Dual Language School,100,128,128,7.2,6.1,7.1,7.6
281,06M314,Muscota,,,0,,,,
282,06M319,M.S. 319 - Maria Teresa,96,536,556,7.8,7.5,7.9,8.4
283,06M321,M.S. 321 - Minerva,99,89,90,9.3,8,9.2,9.4
284,06M322,Middle School 322,86,410,475,6.7,6.3,6.8,7.6
285,06M324,M.S. 324 - Patria Mirabal,99,409,413,7.7,6.7,7.7,8
286,06M325,P.S. 325,,,0,,,,
287,06M326,M.S. 326 - Writers Today & Leaders Tomorrow,95,343,362,7.3,7.2,7.9,8.4
288,06M328,M.S. 328 - Manhattan Middle School for Scientific,92,409,445,8.7,8,8.9,9
289,06M346,Community Health Academy of the Heights,94,426,452,6.4,6,6.5,7.3
290,06M348,Washington Heights Expeditionary Learning School,94,487,520,7.5,6.9,7.1,8.2
291,06M349,Harbor Heights,99,157,159,8.1,7.2,8.3,8.6
292,06M366,Washington Heights Academy,,,0,,,,
293,06M368,Hamilton Heights School,,,0,,,,
294,06M423,High School for Excellence and Innovation,90,114,126,7.6,6.2,6.5,7.6
295,06M457,George Washington Yabc,63,132,210,8.5,7,8,8.5
296,06M462,High School for International Business and Finance,81,482,597,7.1,6.3,6.8,7.2
297,06M463,High School for Media and Communications,84,446,534,6.4,5.7,6.2,7.2
298,06M467,High School for Law and Public Service,74,451,612,6.5,6,6.6,7.4
299,06M468,High School for Health Careers and Sciences,92,625,679,6.4,5.8,6.5,7.2
300,06M528,I.S. 528 Bea Fuller Rodgers School,95,252,266,6.9,6.3,7.2,7.6
301,06M540,A. Philip Randolph Campus High School,66,945,1424,6.1,5.5,6.1,7
302,06M552,Gregorio Luperon High School for Science and Mathe,88,406,461,7.7,6.2,7,7.7
303,07X001,P.S. 001 Courtlandt School,,,0,,,,
304,07X005,P.S. 005 Port Morris,,,0,,,,
305,07X018,P.S. 018 John Peter Zenger,,,0,,,,
306,07X025,P.S. 025 Bilingual School,,,0,,,,
307,07X029,P.S./M.S. 029 Melrose School,96,240,250,6.3,6.2,6.9,7.4
308,07X030,P.S. 030 Wilton,,,0,,,,
309,07X031,P.S./M.S. 031 The William Lloyd Garrison,96,220,230,6.3,6.2,6.9,7.5
310,07X043,P.S. 043 Jonas Bronck,,,0,,,,
311,07X049,P.S. 049 Willis Avenue,,,0,,,,
312,07X065,P.S. 065 Mother Hale Academy,,,0,,,,
313,07X151,J.H.S. 151 Lou Gehrig,74,206,278,6.7,6.2,7.1,7.8
314,07X154,P.S. 154 Jonathan D. Hyatt,,,0,,,,
315,07X157,P.S. 157 Grove Hill,,,0,,,,
316,07X161,P.S. 161 Ponce De Leon,,,0,,,,
317,07X162,J.H.S. 162 Lola Rodriguez De Tio,82,587,715,5.9,6.2,6.5,7.3
318,07X179,P.S. 179,,,0,,,,
319,07X203,M.S. 203,78,221,283,6.1,5.7,6.7,7.3
320,07X221,South Bronx Preparatory: A College Board School,82,472,579,7.1,6.7,6.8,7.8
321,07X223,M.S. 223 The Laboratory School of Finance and Tech,93,447,482,7.3,6.7,7.6,8.2
322,07X224,P.S. / I.S. 224,84,318,377,4.9,5.4,5.4,6.7
323,07X277,P.S. 277,,,0,,,,
324,07X296,South Bronx Academy for Applied Media,97,262,269,6.2,6.3,7.1,7.9
325,07X298,Academy of Public Relations,99,238,240,7.1,6.4,7.2,7.9
326,07X321,Crotona Academy High School,81,91,113,8.4,7.9,8.2,8.6
327,07X334,International Community High School,87,308,354,7.3,6.5,7,7.5
328,07X343,Academy of Applied Mathematics and Technology,94,222,235,7.7,7.1,7.7,8.1
329,07X369,Young Leaders Elementary School,,,0,,,,
330,07X379,Jill Chaifetz Transfer High School,61,115,189,7.1,6.7,7.1,7.6
331,07X381,Bronx Haven High School,74,89,120,7.7,6.8,7.9,8.3
332,07X385,Performance School,,,0,,,,
333,07X427,Community School for Social Justice,95,299,315,7.2,6.7,6.8,7.5
334,07X473,Mott Haven Village Preparatory High School,93,319,344,6.9,5.9,6.7,7.7
335,07X495,University Heights Secondary School,91,393,431,7.2,6,6.5,7.4
336,07X500,Hostos-Lincoln Academy of Science,83,492,591,6.8,5.9,6.6,7.6
337,07X520,Foreign Language Academy of Global Studies,95,343,361,6,5.7,5.7,6.8
338,07X527,Bronx Leadership Academy II High School,25,109,439,6.7,6.2,6.8,7.6
339,07X547,New Explorers High School,95,332,349,7.7,7.6,7.7,7.7
340,07X548,Urban Assembly School for Careers in Sports,75,313,420,7.2,6,6.8,7.7
341,07X551,Bronx Academy of Letters,72,399,554,6.3,6.2,6.9,7.7
342,07X600,Alfred E. Smith Career and Technical Education Hig,77,683,890,5.7,5.5,5.8,6.6
343,07X655,Samuel Gompers Career and Technical Education High,61,468,762,6,5.7,6.2,6.9
344,07X670,Health Opportunities High School,77,429,557,6.3,5.5,6.3,7.3
345,08X014,P.S. X014 Senator John Calandra,,,0,,,,
346,08X036,P.S. 036 Unionport,,,0,,,,
347,08X048,P.S. 048 Joseph R. Drake,,,0,,,,
348,08X062,P.S. 062 Inocensio Casanova,,,0,,,,
349,08X069,P.S. 069 The New Vision School,,,0,,,,
350,08X071,P.S. 071 Rose E. Scala,3,13,454,7.1,6.6,7.6,7.9
351,08X072,P.S. 072 Dr. William Dorney,,,0,,,,
352,08X075,P.S. 075,,,0,,,,
353,08X093,P.S. 093 Albert G. Oliver,,,0,,,,
354,08X100,P.S. 100 Isaac Clason,,,0,,,,
355,08X101,M.S. X101 Edward R. Byrne,99,448,453,7.1,6.7,7.3,8
356,08X107,P.S. 107,,,0,,,,
357,08X119,P.S. 119,,,0,,,,
358,08X123,J.H.S. 123 James M. Kieran,94,478,506,6,6.1,6.7,7.5
359,08X125,J.H.S. 125 Henry Hudson,85,554,649,5.9,5.9,6.4,7.3
360,08X130,P.S. 130 Abram Stevens Hewitt,,,0,,,,
361,08X131,J.H.S. 131 Albert Einstein,96,813,850,5.8,5.9,6.3,7.2
362,08X138,P.S. 138 Samuel Randall,,,0,,,,
363,08X140,P.S. X140 The Eagle School,,,0,,,,
364,08X146,P.S. 146 Edward Collins,,,0,,,,
365,08X152,P.S. 152 Evergreen,,,0,,,,
366,08X182,P.S. 182,,,0,,,,
367,08X269,Bronx Studio School for Writers and Artists,0,,381,,,,
368,08X282,Women's Academy of Excellence,87,265,305,6.3,5.4,5.6,6.9
369,08X293,Renaissance High School for Musical Theater & Tech,90,390,431,6.9,5.9,6.9,7.4
370,08X295,Gateway School for Environmental Research and Tech,61,277,452,5.6,5.6,6,6.9
371,08X301,M.S. 301 Paul L. Dunbar,75,252,334,5.7,5.1,6.2,7.1
372,08X302,M.S. 302 Luisa Dessus Cruz,94,677,721,7.3,7.1,8,8.5
373,08X304,P.S. 304 Early Childhood School,,,0,,,,
374,08X305,Pablo Neruda Academy for Architecture and World St,79,259,328,6.3,6,6.1,7
375,08X312,Millennium Art Academy,83,389,469,6.4,5.7,6.4,7.3
376,08X332,Holcombe L. Rucker School of Community Research,59,174,297,6.8,6.4,7,7.5
377,08X333,P.S. 333 - The Museum School,,,0,,,,
378,08X335,The Academy of the Arts,,,0,,,,
379,08X337,The School for Inquiry and Social Justice,74,189,256,6.3,6.5,7,7.9
380,08X366,Urban Assembly Academy of Civic Engagement,70,239,342,6.3,6.3,6.4,7.3
381,08X367,"Archimedes Academy for Math, Science and Technolog",75,292,390,5.7,5.7,6.4,7
382,08X371,Urban Institute of Mathematics,98,330,338,6.8,6.7,7.3,8
383,08X375,The Bronx Mathematics Preparatory School,88,357,407,5.6,6,6.2,7.1
384,08X376,"Antonia Pantoja Preparatory Academy, A College Boa",70,252,362,5.6,5.9,6.2,7
385,08X377,Bronx Community High School,71,110,154,7.7,7.2,7.7,8.2
386,08X405,Herbert H. Lehman High School,58,2099,3622,5.5,5.6,6.2,6.8
387,08X408,Herbert H. Lehman Yabc,55,96,174,8.1,7,8.1,8.2
388,08X424,The Hunts Point School,91,356,391,6.3,5.8,7,7.3
389,08X432,BRONX BRIDGES HIGH SCHOOL,99,76,77,6.9,6.3,6.6,7.1
390,08X448,SOUNDVIEW ACADEMY FOR CULTURE AND SCHOLARSHIP,86,177,207,6.2,6.5,6.7,7.5
391,08X452,Bronx Guild,66,200,302,7.1,6.2,6.8,7.5
392,08X467,MOTT HALL COMMUNITY SCHOOL,98,160,163,6.3,6.6,6.7,7.4
393,08X507,Stevenson Yabc,56,93,166,8.3,6.6,7.7,8.1
394,08X519,Felisa Rincon de Gautier Institute for Law and Pub,54,184,342,5.7,5.7,5.8,6.7
395,08X530,Banana Kelly High School,85,372,438,7,6.5,7,7.5
396,08X540,School for Community Research and Learning,61,170,277,6.4,5.5,6,6.6
397,08X560,High School X560 - Bronx Academy High School,63,142,227,8.2,7.3,8.2,8.6
398,08X650,Jane Addams High School for Academic Careers,61,596,981,5.8,6,6.1,6.8
399,09X002,P.S. 002 Morrisania,,,0,,,,
400,09X004,P.S./M.S. 004 Crotona Park West,96,147,153,5.9,5.8,6.7,7
401,09X011,P.S. 011 Highbridge,,,0,,,,
402,09X022,J.H.S. 022 Jordan L. Mott,66,407,620,6.6,5.9,6.8,7.6
403,09X028,P.S. 028 Mount Hope,,,0,,,,
404,09X035,P.S. 035 Franz Siegel,,,0,,,,
405,09X042,P.S. 042 Claremont,,,0,,,,
406,09X053,P.S. 053 Basheer Quisim,,,0,,,,
407,09X055,P.S. 055 Benjamin Franklin,,,0,,,,
408,09X058,P.S. 058,,,0,,,,
409,09X063,P.S. 063 Author's Academy,,,0,,,,
410,09X064,P.S. 064 Pura Belpre,,,0,,,,
411,09X070,P.S. 070 Max Schoenfeld,,,0,,,,
412,09X073,P.S. 073 Bronx,,,0,,,,
413,09X088,P.S. X088 - S. Silverstein Little Sparrow School,,,0,,,,
414,09X090,P.S. 090 George Meany,,,0,,,,
415,09X109,P.S. 109 Sedgwick,,,0,,,,
416,09X110,P.S. 110 Theodore Schoenfeld,,,0,,,,
417,09X114,P.S. X114 - Luis Llorens Torres Schools,,,0,,,,
418,09X117,I.S. 117 Joseph H. Wade,92,697,757,6.1,5.7,6.5,7.4
419,09X126,P.S. 126 Dr Marjorie H Dunbar,82,89,108,6.3,6.3,7.3,8
420,09X128,Mott Hall III,96,315,329,7,6.8,7.4,8.4
421,09X132,P.S. 132 Garret A. Morgan,,,0,,,,
422,09X145,J.H.S. 145 Arturo Toscanini,97,367,380,7.6,6.7,7.7,8.1
423,09X163,P.S. 163 Arthur A. Schomburg,,,0,,,,
424,09X166,J.H.S. 166 Roberto Clemente,88,147,167,7,5.9,6.7,7.6
425,09X170,P.S. 170,,,0,,,,
426,09X199,P.S. 199X - The Shakespeare School,,,0,,,,
427,09X204,P.S. 204 Morris Heights,,,0,,,,
428,09X215,Kappa,99,344,346,6.9,6.6,6.9,8.1
429,09X218,P.S./I.S. 218 Rafael Hernandez Dual Language Magne,99,269,271,7.4,6.6,7.3,8.2
430,09X219,I.S. 219 New Venture School,92,395,428,5.2,5.2,5.8,7
431,09X227,Bronx Expeditionary Learning High School,71,238,334,6.5,6.3,7.1,7.6
432,09X229,I.S. 229 Roland Patterson,96,220,230,5.9,6,6.7,7.2
433,09X230,P.S. 230 Dr Roland N. Patterson,,,0,,,,
434,09X231,Eagle Academy for Young Men,89,383,431,5.8,5.8,6.5,7.2
435,09X232,I.S. 232,89,371,415,6.2,6,6.5,7.6
436,09X236,P.S. 236 Langston Hughes,,,0,,,,
437,09X239,Urban Assembly Academy for History and Citizenship,28,57,206,6.4,6.6,6.9,7.9
438,09X241,Urban Assembly School for Applied Math and Science,91,527,581,6.8,6.2,6.9,7.6
439,09X250,Eximius College Preparatory Academy: A College Boa,88,295,334,7.3,6.2,7.1,7.7
440,09X252,Mott Hall Bronx High School,81,284,349,6.6,5.9,6.3,7.2
441,09X260,Bronx Center for Science and Mathematics,96,402,417,7.1,6.2,6.9,8
442,09X263,Validus Preparatory Academy: An Expeditionary Lear,54,195,358,7.6,6.9,7.4,7.9
443,09X276,Leadership Institute,82,200,245,7.1,6.3,7.2,7.8
444,09X297,Morris Academy for Collaborative Studies,80,321,399,6.4,5.7,6.4,7.3
445,09X303,I.S. X303 Leadership & Community Service,90,300,335,7.2,6.8,7.2,7.6
446,09X313,I.S. 313 School of Leadership Development,90,393,437,6.3,5.7,6.9,7.7
447,09X323,Bronx Writing Academy,82,403,492,6,5.9,6.5,7.5
448,09X324,Bronx Early College Academy for Teaching & Learnin,88,323,369,6.7,6.7,7.1,8.2
449,09X325,Urban Science Academy,91,318,351,6.4,6.1,6.7,7.5
450,09X327,Comprehensive Model School Project M.S. 327,91,329,360,6.2,5.8,6.1,7.5
451,09X328,New Millennium Business Academy Middle School,85,175,207,5.2,5.9,6.1,7.3
452,09X329,DreamYard Preparatory School,87,276,318,6,5.8,6.3,6.9
453,09X339,I.S. 339,76,598,791,6,5.7,6.4,7.3
454,09X365,Academy for Language and Technology,79,277,351,7.5,6.5,7.2,7.7
455,09X403,Bronx International High School,75,289,384,7,6.8,7.2,7.6
456,09X404,School for Excellence,89,343,385,6.9,6.1,6.3,7.3
457,09X412,Bronx High School of Business,91,374,410,6.1,5.7,6.2,7.1
458,09X413,Bronx High School for Medical Science,96,405,424,6,5.6,5.8,6.9
459,09X414,Jonathan Levin High School for Media and Communica,70,281,401,6.3,5.7,6.1,6.9
460,09X443,THE FAMILY SCHOOL,,,0,,,,
461,09X449,GRANT AVENUE ELEMENTARY SCHOOL,,,0,,,,
462,09X454,SCIENCE AND TECHNOLOGY ACADEMY: A MOTT HALL SCHOOL,97,240,247,6.6,6.3,7.2,7.9
463,09X457,SHERIDAN ACADEMY FOR YOUNG LEADERS,,,0,,,,
464,09X505,"Bronx School for Law, Government and Justice",84,588,702,6.5,6.2,6.6,7.5
465,09X517,Frederick Douglass Academy III Secondary School,95,564,595,6.5,6.2,6.5,7.6
466,09X525,Bronx Leadership Academy High School,81,507,625,6.1,5.8,6.3,7.3
467,09X543,High School for Violin and Dance,87,192,220,6.6,6,6.8,7.4
468,10X003,P.S. 3 Raul Julia Micro Society,100,180,180,6.8,6.3,7,7.7
469,10X007,P.S. 007 Kingsbridge,,,0,,,,
470,10X008,P.S. 008 Issac Varian,,,0,,,,
471,10X009,P.S. 9 Ryer Avenue Elementary School,,,0,,,,
472,10X015,P.S. X015 Institute for Environmental Learning,99,195,197,7.8,6.6,8,8.5
473,10X020,P.S. 20 P.O.George J. Werdan III,92,343,372,6.2,6.2,7,7.7
474,10X023,P.S. 023 The New Children's School,,,0,,,,
475,10X024,P.S. 024 Spuyten Duyvil,,,0,,,,
476,10X032,P.S. 032 Belmont,,,0,,,,
477,10X033,P.S. 033 Timothy Dwight,,,0,,,,
478,10X037,P.S. X037 - Multiple Intelligence School,94,170,181,5.7,5.4,6.2,6.8
479,10X045,Thomas C. Giordano Middle School 45,95,945,999,6.2,5.8,6.3,7.5
480,10X046,P.S. 046 Edgar Allan Poe,,,0,,,,
481,10X051,P.S. 051 Bronx New School,,,0,,,,
482,10X054,P.S. / I.S. 54,,,0,,,,
483,10X056,P.S. 056 Norwood Heights,,,0,,,,
484,10X059,P.S. 059 The Community School of Technology,,,0,,,,
485,10X079,P.S. 079 Creston,,,0,,,,
486,10X080,J.H.S. 080 The Mosholu Parkway,90,579,640,5.6,5.9,6.2,7.2
487,10X081,P.S. 081 Robert J. Christen,,,0,,,,
488,10X085,P.S. 085 Great Expectations,,,0,,,,
489,10X086,P.S. 086 Kingsbridge Heights,98,237,241,8.6,8,9.2,9.4
490,10X091,P.S. 091 Bronx,,,0,,,,
491,10X094,P.S. 094 Kings College School,,,0,,,,
492,10X095,P.S. 095 Sheila Mencher,93,426,456,5.8,5.7,6.3,7.2
493,10X118,J.H.S. 118 William W. Niles,93,1053,1129,6.6,5.9,6.7,7.7
494,10X141,Riverdale / Kingsbridge Academy (Middle School / H,89,1165,1311,5.9,5.5,6.2,7
495,10X159,P.S. 159 Luis Munoz Marin Biling,,,0,,,,
496,10X205,P.S. 205 Fiorello Laguardia,,,0,,,,
497,10X206,I.S. 206 Ann Mersereau,90,286,318,6.1,6,6.5,7.7
498,10X207,P.S. 207,,,0,,,,
499,10X209,P.S. 209,,,0,,,,
500,10X213,Bronx Engineering and Technology Academy,81,332,409,6.5,5.9,6.8,7.5
501,10X225,Theatre Arts Production Company School,88,450,513,7.7,6.9,7.5,8
502,10X226,P.S. 226,,,0,,,,
503,10X228,Jonas Bronck Academy,95,223,235,7.7,7.1,7.7,8.3
504,10X237,"The Marie Curie School for Medicine, Nursing, and",62,287,465,5.9,5.9,5.9,6.9
505,10X243,West Bronx Academy for the Future,83,490,589,6.6,6,7,7.6
506,10X244,The New School for Leadership and Journalism,69,450,656,7.2,6.4,7.5,8
507,10X246,P.S. 246 Poe Center,,,0,,,,
508,10X254,I.S. 254,81,349,432,6,5.6,6.2,7
509,10X268,Kingsbridge International High School,84,389,464,6.9,6,6.6,7.4
510,10X279,"P.S. 279 Captain Manuel Rivera, Jr.",96,320,332,6.8,6.4,7,7.7
511,10X280,P.S./M.S. 280 Mosholu Parkway,96,284,296,6.4,6.4,6.9,7.8
512,10X284,Bronx School of Law and Finance,85,320,377,6.1,6,6.4,7.1
513,10X291,P.S. 291,,,0,,,,
514,10X306,P.S. 306,,,0,,,,
515,10X307,P.S. X307 - Eames Place,,,0,,,,
516,10X308,Bronx Dance Academy School,94,263,280,6.8,6.3,6.9,7.8
517,10X310,P.S. 310 Marble Hill,,,0,,,,
518,10X315,P.S. 315 Lab School,95,74,78,7.3,7.2,7.5,8.5
519,10X319,Providing Urban Learners Success In Education High,87,145,166,8.4,7.3,7.9,8.3
520,10X331,The Bronx School of Science Inquiry and Investigat,95,342,360,6.5,6.5,7.1,7.7
521,10X340,P.S. 340,100,64,64,8.1,7.7,8.3,8.5
522,10X342,International School for Liberal Arts,92,488,530,7.4,6.4,7.1,7.7
523,10X344,Ampark Neighborhood,,,0,,,,
524,10X360,P.S. 360,98,58,59,6.6,5.7,6.2,7.5
525,10X363,ACADEMY FOR PERSONAL LEADERSHIP AND EXCELLENCE,97,153,158,7.4,6.5,7.4,8.2
526,10X368,In-Tech Academy (M.S. / High School 368),90,978,1088,6.5,6.2,6.6,7.5
527,10X374,Knowledge and Power Preparatory Academy Internatio,92,329,359,7.2,6.6,7.2,8
528,10X382,"Elementary School for Math, Science, and Technolog",,,0,,,,
529,10X386,School for Environmental Citizenship,,,0,,,,
530,10X390,M.S. 390,94,366,389,6.5,6.3,6.9,7.6
531,10X391,The Angelo Patri Middle School,87,539,617,6.4,6.2,7,7.6
532,10X396,P.S. 396,,,0,,,,
533,10X397,English Language Learners and International Suppor,71,166,233,7.4,6.5,7,7.8
534,10X399,M.S. 399,92,220,239,6,5.9,6.3,7.5
535,10X433,High School for Teaching and the Professions,90,384,425,5.9,5.4,6.1,6.7
536,10X434,Belmont Preparatory High School,78,295,377,6,5.4,5.5,6.7
537,10X437,Fordham High School for the Arts,70,250,358,7,6.2,7.1,7.6
538,10X438,Fordham Leadership Academy for Business and Techno,52,215,416,5.8,5.3,5.9,6.9
539,10X439,Bronx High School for Law and Community Service,87,332,380,6,6,6.5,7.3
540,10X440,DeWitt Clinton High School,67,2820,4227,5.2,5.4,6,6.9
541,10X442,"Celia Cruz Bronx High School of Music, The",87,335,384,6.5,6.2,6.9,7.4
542,10X445,Bronx High School of Science,98,2956,3002,6.8,6.3,6.7,7.6
543,10X447,CRESTON ACADEMY,96,224,234,6.2,6.4,6.9,7.8
544,10X459,EAST FORDHAM ACADEMY FOR THE ARTS,86,179,207,6.8,6.2,6.8,7.4
545,10X475,John F. Kennedy High School,31,314,1027,5.6,5.2,5.7,6.2
546,10X477,Marble Hill High School for International Studies,97,428,442,7.1,6.3,6.9,7.7
547,10X503,Walton Yabc,66,120,181,7.7,6.5,6.9,7.5
548,10X504,Kennedy Yabc,68,139,203,7.8,6.2,7.3,7.8
549,10X546,Bronx Theatre High School,91,388,428,7.4,6.4,7.6,8.1
550,10X549,Discovery High School,59,283,479,6.2,5.5,6.1,6.8
551,10X660,Grace Dodge Career and Technical Education High Sc,63,806,1280,5.9,5.5,5.9,6.8
552,10X667,Grace Dodge Yabc,39,91,233,7.6,7.2,7.6,8.1
553,10X696,High School of American Studies at Lehman College,98,359,366,8.1,7.1,7.8,8.6
554,11X016,P.S. 016 Wakefield,,,0,,,,
555,11X019,P.S. 019 Judith K. Weiss,97,191,197,7.5,6.4,7.8,8.3
556,11X021,P.S. 021 Philip H. Sheridan,,,0,,,,
557,11X041,P.S. 041 Gun Hill Road,,,0,,,,
558,11X068,P.S. 068 Bronx,,,0,,,,
559,11X076,P.S. 076 The Bennington School,,,0,,,,
560,11X078,P.S. 078 Anne Hutchinson,,,0,,,,
561,11X083,P.S. 083 Donald Hertz,97,642,662,6.7,6.5,7.3,7.9
562,11X087,P.S. 087 Bronx,,,0,,,,
563,11X089,P.S. 089 Bronx,98,476,486,5.3,5.7,6.1,7.1
564,11X096,P.S. 096 Richard Rodgers,,,0,,,,
565,11X097,P.S. 097 Bronx,,,0,,,,
566,11X103,P.S. 103 Hector Fontanez,,,0,,,,
567,11X105,P.S. 105 Sen Abraham Bernstein,,,0,,,,
568,11X106,P.S. 106 Parkchester,,,0,,,,
569,11X108,P.S. 108 Philip J. Abinanti,,,0,,,,
570,11X111,P.S. 111 Seton Falls,,,0,,,,
571,11X112,P.S. 112 Bronxwood,,,0,,,,
572,11X121,P.S. 121 Throop,,,0,,,,
573,11X127,J.H.S. 127 The Castle Hill,84,598,714,6.3,6.1,6.8,7.7
574,11X142,MS 142 John Philip Sousa,92,712,773,5.1,5.6,6.1,7.1
575,11X144,J.H.S. 144 Michelangelo,81,762,945,5.5,6,6.3,7.4
576,11X153,P.S. 153 Helen Keller,,,0,,,,
577,11X160,P.S. 160 Walt Disney,,,0,,,,
578,11X169,BAYCHESTER ACADEMY,,,0,,,,
579,11X175,P.S. 175 City Island,99,126,127,6.3,6,6.5,7.3
580,11X178,P.S. 178 - Dr. Selman Waksman,,,0,,,,
581,11X180,M.S. 180 Dr. Daniel Hale Williams,99,750,757,7.5,7.2,7.6,8.1
582,11X181,I.S. 181 Pablo Casals,89,522,589,6.9,5.8,7.1,7.9
583,11X189,Cornerstone Academy for Social Action,,,0,,,,
584,11X194,PS/MS 194,98,419,427,6.7,6.5,7.2,8
585,11X249,Bronx Health Sciences High School,90,266,295,6.3,5.4,5.8,7.2
586,11X253,Bronx High School for Writing and Communication Ar,57,225,393,5.5,5.3,5.8,6.6
587,11X265,Bronx Lab School,90,411,459,6.4,6,6.4,7.3
588,11X270,Academy for Scholarship and Entrepreneurship: A Co,71,404,573,5.2,5.6,5.6,6.9
589,11X272,Globe School for Environmental Research,85,402,475,5.8,5.4,6.1,6.7
590,11X275,High School of Computers and Technology,84,436,522,6.3,5.7,6.6,7.4
591,11X287,The Forward School,97,280,290,6.3,6.3,7,7.8
592,11X288,Collegiate Institute for Math and Science,82,391,478,7.2,6.7,7.3,8.4
593,11X289,The Young Scholars Academy of The Bronx,83,318,381,5.2,5.7,6,7.2
594,11X290,Bronx Academy of Health Careers,85,370,437,5.9,5.7,5.9,7
595,11X299,Astor Collegiate Academy,88,395,449,5.9,5.7,6.3,7.2
596,11X322,Aspire Preparatory Middle School,95,488,514,5.3,5.2,5.4,6.9
597,11X326,Bronx Green Middle School,96,369,385,6.5,6.3,6.8,7.7
598,11X370,School of Diplomacy,15,64,431,5.5,6.3,6.9,7.3
599,11X415,Christopher Columbus High School,57,586,1035,6.1,5.9,6.6,7.2
600,11X417,C Columbus Hs Yabc,76,184,243,8.6,6.6,8.2,8.9
601,11X418,Bronx High School for the Visual Arts,82,330,401,6.3,5.3,6.1,6.9
602,11X455,Harry S Truman High School,62,1156,1864,6,5.6,6.3,7.2
603,11X456,Learning To Work Yabc At Truman High School,93,106,114,8.2,7.4,8,8.5
604,11X462,CORNERSTONE ACADEMY FOR SOCIAL ACTION MIDDLE SCHOO,79,170,216,6.8,6.5,7.1,7.8
605,11X468,PELHAM ACADEMY OF ACADEMICS AND COMMUNITY ENGAGEME,89,189,213,7.2,7,7.4,8.2
606,11X498,PS/MS 11X498 - VAN NEST ACADEMY,98,101,103,7.6,6.9,7.9,8.1
607,11X513,New World High School,90,316,351,7.1,6.8,7.3,8
608,11X514,The Bronxwood Preparatory Academy,80,274,344,6,5.7,6.1,7.1
609,11X541,Global Enterprise High School,74,260,352,5.9,5.8,6.2,7.1
610,11X542,Pelham Preparatory Academy,92,434,473,6.4,5.6,6.4,7.6
611,11X544,High School for Contemporary Arts,67,295,438,6.7,5.6,6.5,7
612,11X545,Bronx Aerospace High School,86,308,357,5.6,5.5,5.5,6.4
613,12X006,P.S. 006 West Farms,,,0,,,,
614,12X044,P.S. 044 David C. Farragut,,,0,,,,
615,12X047,P.S. 047 John Randolph,,,0,,,,
616,12X050,P.S. 050 Clara Barton,,,0,,,,
617,12X057,P.S. 057 Crescent,,,0,,,,
618,12X061,P.S. 061 Francisco Oller,,,0,,,,
619,12X066,P.S. 066 School of Higher Expectations,,,0,,,,
620,12X067,P.S. 067 Mohegan School,,,0,,,,
621,12X092,P.S. 092 Bronx,,,0,,,,
622,12X098,J.H.S. 098 Herman Ridder,93,419,449,5.8,6,6.7,7.4
623,12X102,P.S. 102 Joseph O. Loretan,,,0,,,,
624,12X129,P.S. 129 Twin Parks Upper,89,501,562,6.6,6.2,6.9,7.8
625,12X134,P.S. 134 George F. Bristow,,,0,,,,
626,12X150,P.S. 150 Charles James Fox,,,0,,,,
627,12X190,E.S.M.T- I.S. 190,97,236,243,6.4,5.9,7.1,7.4
628,12X195,P.S. 195,,,0,,,,
629,12X196,P.S. 196,,,0,,,,
630,12X198,P.S. 198,,,0,,,,
631,12X211,P.S. 211,98,337,343,6.9,6.3,7.7,7.7
632,12X212,P.S. 212,91,124,136,6.4,5.9,6.6,7.5
633,12X214,P.S. 214,95,379,399,6.7,6.2,6.9,8
634,12X217,School of Performing Arts,75,243,322,6,5.9,6.7,7.7
635,12X242,Mott Hall V,92,346,378,7.4,6.8,7.1,8
636,12X245,New Day Academy,71,215,301,6,5.9,6.5,7.1
637,12X248,"Metropolitan High School, The",79,246,313,6.8,6,6.6,7.1
638,12X251,Explorations Academy,65,232,359,6.9,6.5,7.1,7.7
639,12X262,Performance Conservatory High School,64,217,340,6,5.6,6.4,7
640,12X267,Bronx Latin,99,339,343,8.5,8.4,8.6,9.1
641,12X271,East Bronx Academy for the Future,66,399,606,6.8,6.4,6.9,7.7
642,12X273,Frederick Douglass Academy V. Middle School,97,247,255,6.8,6.2,6.9,7.7
643,12X278,Peace and Diversity Academy,89,236,266,8.6,8.6,8.3,9.1
644,12X286,Fannie Lou Hamer Middle School,74,177,238,6.6,6.6,7,7.9
645,12X300,The School of Science and Applied Learning,,,0,,,,
646,12X316,Kappa III,100,266,267,7.9,7.1,8,8.2
647,12X318,"I.S. X318 Math, Science & Technology Through Arts",99,373,378,6.9,6.2,7.1,7.7
648,12X341,Accion Academy,79,144,183,6.6,6.4,7.2,7.6
649,12X372,Urban Assembly School for Wildlife Conservation,77,241,313,6.3,6.7,6.6,7.5
650,12X383,Emolior Academy,95,203,213,7.5,7.2,7.7,7.7
651,12X384,Entrada Academy,83,281,340,6.8,6.2,7.2,7.8
652,12X388,Pan American International High School at Monroe,87,274,314,6.8,7.1,7.6,8
653,12X428,Learning To Work Yabc At Monroe Academy,47,90,190,8.2,6.7,7.8,8.4
654,12X446,Arturo A. Schomburg Satellite Academy Bronx,55,103,188,6.8,6,6.4,7
655,12X463,URBAN SCHOLARS COMMUNITY SCHOOL,,,0,,,,
656,12X478,THE CINEMA SCHOOL,90,118,131,7.5,7.1,7.5,8.1
657,12X479,BRONX CAREER AND COLLEGE PREPARATORY HIGH SCHOOL,61,91,148,6.5,5.9,6.4,7.4
658,12X480,Bronx Regional High School,57,144,252,7.2,6,6.9,7.7
659,12X550,High School of World Cultures,96,340,355,7.8,6.2,7.5,7.8
660,12X680,Bronx Coalition Community High School,96,45,47,7.3,6.2,7.1,8.2
661,12X682,Fannie Lou Hamer Freedom High School,67,317,471,6.6,5.9,6.6,7.3
662,12X684,Wings Academy,80,396,498,5.9,5.3,6,6.9
663,12X690,Monroe Academy for Business/Law,63,228,363,5.5,5.3,5.5,6.2
664,12X691,Bronx Little School,,,0,,,,
665,12X692,Monroe Academy for Visual Arts & Design,81,340,422,6.7,5.4,6.3,7.2
666,13K003,P.S. 003 The Bedford Village,,,0,,,,
667,13K008,P.S. 008 Robert Fulton,,,0,,,,
668,13K009,P.S. 009 Teunis G. Bergen,,,0,,,,
669,13K011,P.S. 011 Purvis J. Behan,,,0,,,,
670,13K020,P.S. 020 Clinton Hill,,,0,,,,
671,13K044,P.S. 044 Marcus Garvey,,,0,,,,
672,13K046,P.S. 046 Edward C. Blum,,,0,,,,
673,13K054,P.S. 054 Samuel C. Barnes,,,0,,,,
674,13K056,P.S. 056 Lewis H. Latimer,,,0,,,,
675,13K067,P.S. 067 Charles A. Dorsey,,,0,,,,
676,13K093,P.S. 093 William H. Prescott,,,0,,,,
677,13K103,Satellite Three,86,219,254,5.7,5.8,6.5,7.3
678,13K113,M.S. 113 Ronald Edmonds Learning Center,78,696,888,6.2,6.2,6.7,7.7
679,13K133,P.S. 133 William A. Butler,,,0,,,,
680,13K256,P.S. 256 Benjamin Banneker,,,0,,,,
681,13K265,Dr. Susan S. McKinney Secondary School of the Arts,68,322,471,6.1,5.6,6.1,7.1
682,13K266,M.S. K266 - Park Place Community Middle School,96,183,191,6.4,6.4,6.8,7.8
683,13K270,P.S. 270 Johann DeKalb,,,0,,,,
684,13K282,P.S. 282 Park Slope,98,234,239,6.4,6.1,7.2,7.9
685,13K287,P.S. 287 Bailey K. Ashford,,,0,,,,
686,13K301,Satellite East Middle School,79,185,234,6.5,6.5,7.1,7.9
687,13K305,P.S. 305 Dr. Peter Ray,,,0,,,,
688,13K307,P.S. 307 Daniel Hale Williams,,,0,,,,
689,13K313,Satellite West Middle School,95,155,164,6.3,6,6.7,7.5
690,13K336,Academy of Business and Community Development,59,119,201,6.3,6.1,6.8,7.5
691,13K350,Urban Assembly High School of Music and Art at Wat,58,215,371,6.5,6.1,6.4,7.3
692,13K412,Brooklyn Community High School of Communication,75,337,447,6.1,6.6,6.6,7.5
693,13K419,Science Skills Center High School at Water's Edge,96,603,626,6,6.4,6.6,7.2
694,13K430,Brooklyn Technical High School,94,4768,5084,7,5.9,6.7,7.6
695,13K439,Brooklyn International High School at Water's Edge,94,360,381,7.9,7.2,7.8,8
696,13K483,The Urban Assembly School for Law and Justice,95,422,445,6.8,6.3,6.6,7.8
697,13K492,Urban Assembly Academy of Arts and Letters,94,286,303,7,7.2,7.2,7.9
698,13K499,ACORN Community High School,72,513,717,6,5.3,6.1,6.7
699,13K509,Freedom Academy High School,78,191,246,5.9,5.8,5.9,7
700,13K527,Urban Assembly Institute of Math and Science for Y,91,352,387,5.8,6.4,6.6,7.4
701,13K553,Brooklyn Academy High School,84,137,164,8,6.5,7.2,7.8
702,13K571,M.S. 571,71,117,165,6,5.9,6.7,7.3
703,13K575,Bedford Stuyvesant Preparatory High School,84,81,97,8,7.6,8,8.1
704,13K592,Khalil Gibran International Academy,93,95,102,8,7.6,8.3,8.5
705,13K595,Bedford Academy High School,96,347,362,6.6,6,6.7,7.7
706,13K596,Knowledge and Power Preparatory Academy VII Middle,90,151,167,5.3,5.6,6.2,7.2
707,13K605,George Westinghouse Career and Technical Education,83,736,889,5.5,5.4,5.8,6.8
708,13K616,Brooklyn High School for Leadership and Community,68,124,183,7.7,6.5,7.4,7.8
709,13K657,Downtown Brooklyn Yabc,43,70,163,8.4,7.1,7.8,8.2
710,13K670,Benjamin Banneker Academy,86,697,811,6.6,5.7,6.6,7.4
711,13K674,"CITY POLYTECHNIC HIGH SCHOOL OF ENGINEERING, ARCHI",86,206,240,6.4,6,6.9,7.4
712,13K691,FORT GREENE PREPARATORY ACADEMY,99,101,102,6.9,6.7,7.1,8
713,14K016,P.S. 016 Leonard Dunkly,,,0,,,,
714,14K017,P.S. 017 Henry D. Woodworth,,,0,,,,
715,14K018,P.S. 018 Edward Bush,,,0,,,,
716,14K019,P.S. 019 Roberto Clemente,,,0,,,,
717,14K023,P.S. 023 Carter G. Woodson,,,0,,,,
718,14K031,P.S. 031 Samuel F. Dupont,,,0,,,,
719,14K034,P.S. 034 Oliver H. Perry,,,0,,,,
720,14K050,J.H.S. 050 John D. Wells,76,342,450,5.9,5.9,6.6,7.4
721,14K059,P.S. 059 William Floyd,,,0,,,,
722,14K071,Juan Morel Campos Secondary School,77,661,853,6.1,5.8,6.5,7.4
723,14K084,P.S. 084 Jose De Diego,,,0,,,,
724,14K110,P.S. 110 The Monitor,,,0,,,,
725,14K120,P.S. 120 Carlos Tapia,,,0,,,,
726,14K126,John Ericsson Middle School 126,87,284,325,5.9,6,6.5,7.1
727,14K132,P.S. 132 The Conselyea School,,,0,,,,
728,14K147,P.S. 147 Isaac Remsen,,,0,,,,
729,14K157,P.S. 157 Benjamin Franklin,,,0,,,,
730,14K196,P.S. 196 Ten Eyck,,,0,,,,
731,14K250,P.S. 250 George H. Lindsay,,,0,,,,
732,14K257,P.S. 257 John F. Hylan,,,0,,,,
733,14K297,P.S. 297 Abraham Stockton,,,0,,,,
734,14K318,I.S. 318 Eugenio Maria De Hostos,89,1487,1670,7.7,6.8,7.9,8.5
735,14K319,P.S. 319,,,0,,,,
736,14K322,Foundations Academy,62,103,165,6.9,6.4,7.2,7.7
737,14K330,The Urban Assembly School for the Urban Environmen,55,74,134,7.2,7.9,7.4,7.4
738,14K380,P.S. 380 John Wayne Elementary,,,0,,,,
739,14K404,Academy for Young Writers,81,290,357,6.5,6.2,6.4,7.4
740,14K449,"Brooklyn Latin School, The",99,328,331,7.5,7,6.9,8.2
741,14K454,Green School: An Academy for Environmental Careers,64,210,330,6.8,6.4,7.1,7.9
742,14K474,PROGRESS High School for Professional Careers,87,798,918,6.4,5.6,6.4,7.2
743,14K477,School for Legal Studies,50,370,745,5.4,5.6,5.7,6.7
744,14K478,"The High School for Enterprise, Business and Techn",76,689,912,6,5.6,6.1,6.9
745,14K488,Brooklyn Preparatory High School,83,305,366,6.4,6.1,6.4,7.3
746,14K558,Williamsburg High School for Architecture and Desi,96,400,417,7.8,6.5,7.6,8.3
747,14K561,Williamsburg Preparatory School,78,418,533,7.2,6.3,7,7.9
748,14K577,Conselyea Preparatory School,99,438,442,6.7,6,7.2,7.8
749,14K582,M.S. 582,97,297,306,6.3,6.2,6.7,7.7
750,14K586,Lyons Community School,74,391,530,6.9,6.6,7,7.6
751,14K610,Automotive High School,73,583,799,5.3,5.6,6.1,6.9
752,14K614,Young Women's Leadership School of Brooklyn,97,193,198,7.3,7.1,7.8,8.6
753,14K632,Frances Perkins Academy,92,132,144,7.1,7,7.2,7.4
754,14K685,El Puente Academy for Peace and Justice,77,151,196,7.8,6.4,7.2,7.7
755,14K923,Automotive High School Yabc,74,127,172,8.3,6.8,7.8,8.2
756,15K001,P.S. 001 The Bergen,,,0,,,,
757,15K010,"Magnet School of Math, Science and Design Technolo",,,0,,,,
758,15K015,P.S. 015 Patrick F. Daly,,,0,,,,
759,15K024,P.S. 024,,,0,,,,
760,15K027,Agnes Y. Humphrey School for Leadership,83,30,36,7,6.2,7.6,7.7
761,15K029,P.S. 029 John M. Harrigan,,,0,,,,
762,15K032,P.S. 032 Samuels Mills Sprole,,,0,,,,
763,15K038,P.S. 038 The Pacific,,,0,,,,
764,15K039,P.S. 039 Henry Bristow,,,0,,,,
765,15K051,M.S. 51 William Alexander,98,1053,1078,7.6,6.3,7.3,7.9
766,15K058,P.S. 058 The Carroll,,,0,,,,
767,15K088,J.H.S. 088 Peter Rouget,96,849,880,6.4,6.2,6.6,7.6
768,15K094,P.S. 094 The Henry Longfellow,,,0,,,,
769,15K107,P.S. 107 John W. Kimball,,,0,,,,
770,15K124,P.S. 124 Silas B. Dutcher,,,0,,,,
771,15K130,P.S. 130 The Parkside,,,0,,,,
772,15K131,P.S. 131 Brooklyn,,,0,,,,
773,15K136,I.S. 136 Charles O. Dewey,95,470,493,6.5,5.8,6.7,7.5
774,15K146,P.S. 146,,,0,,,,
775,15K154,Magnet School for Science & Technology,,,0,,,,
776,15K169,P.S. 169 Sunset Park,,,0,,,,
777,15K172,P.S. 172 Beacon School of Excellence,,,0,,,,
778,15K230,P.S. 230 Doris L. Cohen,,,0,,,,
779,15K261,P.S. 261 Philip Livingston,,,0,,,,
780,15K295,P.S. 295,,,0,,,,
781,15K321,P.S. 321 William Penn,,,0,,,,
782,15K418,The Children's School,,,0,,,,
783,15K429,Brooklyn School for Global Studies,56,231,410,6.1,5.5,5.9,7
784,15K442,New Horizons School,81,153,188,7,6.9,7.3,8
785,15K443,New Voices School of Academic & Creative Arts,97,470,484,7.8,7.3,7.8,8.4
786,15K447,The Math & Science Exploratory School,99,494,501,6.9,6.3,6.7,7.3
787,15K448,Brooklyn Secondary School for Collaborative Studi,88,595,677,6.7,6.4,7,7.6
788,15K462,Secondary School for Law,82,412,500,5.5,5.7,5.6,6.8
789,15K463,Secondary School for Journalism,78,285,367,5.8,5.7,6.1,7.3
790,15K464,Secondary School for Research,95,374,392,6.2,5.8,6.6,7.3
791,15K497,School for International Studies,88,400,454,6.7,6.1,6.6,7.5
792,15K519,Cobble Hill School of American Studies,65,413,639,5.6,5.7,5.7,6.7
793,15K520,Pacific High School,0,,154,,,,
794,15K529,West Brooklyn Community High School,89,171,192,8.3,7.6,8,8.4
795,15K530,Metropolitan Corporate Academy High School,67,184,275,6.8,6.1,6.5,7.2
796,15K656,Brooklyn High School of the Arts,86,558,648,6.6,5.8,6.6,7.5
797,15K667,SUNSET PARK HIGH SCHOOL,95,629,660,6.4,6.4,6.9,7.3
798,15K676,RED HOOK NEIGHBORHOOD SCHOOL,,,0,,,,
799,15K698,South Brooklyn Community High School,85,118,139,7.8,6.9,7.3,8.1
800,15K821,Sunset Park Prep,89,440,497,6.9,5.9,6.8,7.6
801,16K005,P.S. 005 Dr. Ronald Mcnair,,,0,,,,
802,16K021,P.S. 021 Crispus Attucks,,,0,,,,
803,16K025,P.S. 025 Eubie Blake School,,,0,,,,
804,16K026,P.S. 26 Jesse Owens School,,,0,,,,
805,16K028,P.S. 028 The Warren Prep Academy,,,0,,,,
806,16K035,M.S. 035 Stephen Decatur,98,220,224,8.1,8.1,8.7,9.1
807,16K040,P.S. 040 George W. Carver,,,0,,,,
808,16K057,J.H.S. 057 Whitelaw Reid,94,221,234,8,7.1,8.1,8.4
809,16K081,P.S. 081 Thaddeus Stevens,,,0,,,,
810,16K243,P.S. 243K- The Weeksville School,,,0,,,,
811,16K262,P.S. 262 El Hajj Malik El Shabazz Elementary Schoo,95,56,59,6.5,6.8,7.2,7.8
812,16K267,"M.S. 267 Math, Science & Technology",97,274,282,7.6,7.4,7.9,8.5
813,16K308,P.S. 308 Clara Cardwell,96,246,257,6.3,6.2,7,7.7
814,16K309,P.S. 309 The George E. Wibecan Preparatory Academy,,,0,,,,
815,16K335,P.S. 335 Granville T. Woods,,,0,,,,
816,16K385,"School of Business, Finance and Entrepreneurship",73,155,212,5.8,6,6.5,7.5
817,16K393,Frederick Douglass Academy IV Secondary School,81,372,460,6.1,5.5,6.6,7.3
818,16K455,Boys and Girls High School,61,1146,1881,6.1,6,6.7,7.2
819,16K498,ACORN High School for Social Justice,56,215,386,6.4,5.8,6.2,7.1
820,16K534,Upper School @ P.S. 25,85,185,218,5.9,5.9,6.4,7
821,16K584,M.S. 584,98,214,219,6,6.1,6.7,7.4
822,16K594,Gotham Professional Arts Academy,76,208,275,5.8,5.9,6.6,7.5
823,16K627,Brighter Choice Community School,,,0,,,,
824,16K628,Brooklyn Brownstone School,,,0,,,,
825,16K636,Young Scholars' Academy for Discovery and Explorat,,,0,,,,
826,16K688,The Brooklyn Academy of Global Finance,76,99,131,4.9,5.8,5.4,6.8
827,17K002,M.S. 002,96,374,390,7.8,7.8,8.4,8.7
828,17K006,P.S. 006,,,0,,,,
829,17K012,P.S. 012,,,0,,,,
830,17K022,P.S. 022,,,0,,,,
831,17K061,M.S. 061 Dr. Gladstone H. Atwell,87,966,1109,5.6,5.8,6.7,7.6
832,17K091,P.S. 091 The Albany Avenue School,,,0,,,,
833,17K092,P.S. 092 Adrian Hegeman,,,0,,,,
834,17K138,P.S. 138 Brooklyn,82,272,330,6.5,6.9,7.6,8.2
835,17K161,P.S. 161 The Crown,94,136,144,5.8,5.7,6.7,7.4
836,17K167,P.S. 167 The Parkway,,,0,,,,
837,17K181,P.S. 181 Brooklyn,82,221,268,5.5,5.8,6.7,7.5
838,17K189,P.S. 189 Lincoln Terrace,91,449,492,6.2,5.8,6.9,7.8
839,17K191,P.S. 191 Paul Robeson,,,0,,,,
840,17K221,P.S. 221 Toussaint L'Ouverture,,,0,,,,
841,17K241,P.S. 241 Emma L. Johnston,,,0,,,,
842,17K246,M.S. 246 Walt Whitman,91,540,595,5.6,5.7,6.4,7.3
843,17K249,P.S. 249 The Caton,,,0,,,,
844,17K289,P.S. 289 George V. Brower,,,0,,,,
845,17K316,P.S. 316 Elijah Stroud,,,0,,,,
846,17K334,Middle School for Academic and Social Excellence,88,197,224,5.8,6.5,6.9,7.7
847,17K340,I.S. 340,99,268,270,5.9,6,6.3,7.3
848,17K352,Ebbets Field Middle School,93,370,397,6,5.9,6.8,7.5
849,17K353,Elijah Stroud Middle School,96,132,138,6.2,6,6.7,7.5
850,17K354,The School of Integrated Learning,98,244,249,6.1,5.7,6.7,7.6
851,17K375,P.S. 375 Jackie-Robinson School,,,0,,,,
852,17K382,Academy for College Preparation and Career Explora,67,350,524,5.5,5.5,6,6.9
853,17K394,M.S. K394,98,227,232,7,6.6,7.6,8.2
854,17K397,P.S. 397 Foster-Laurie,,,0,,,,
855,17K398,P.S. 398 Walter Weaver,,,0,,,,
856,17K399,P.S. 399 Stanley Eugene Clark,,,0,,,,
857,17K408,Academy of Hospitality and Tourism,74,210,284,5.5,5.8,6.4,7.3
858,17K467,Erasmus Yabc,85,152,179,7.5,5.9,7,7.6
859,17K484,Ronald Edmonds Learning Center II,88,145,164,6.5,6.2,7.2,7.8
860,17K489,W.E.B. Dubois Academic High School,59,126,214,6.7,5.9,6.9,7.5
861,17K524,International High School at Prospect Heights,82,322,395,7.4,6.8,7.3,7.7
862,17K528,The High School for Global Citizenship,36,129,359,6.1,6,6.1,6.8
863,17K531,"School for Human Rights, The",95,351,368,6.8,6.5,7.2,7.8
864,17K533,School for Democracy and Leadership,83,340,412,5.6,5.9,6.3,7.2
865,17K537,High School for Youth and Community Development at,88,326,370,5.5,5.7,6,6.8
866,17K539,High School for Service & Learning at Erasmus,89,348,389,5.5,5.6,6.2,7.1
867,17K543,"Science, Technology and Research Early College Hig",95,474,497,6.6,5.9,6.7,7.4
868,17K544,International Arts Business School,83,355,426,5.4,5.5,5.8,6.6
869,17K546,High School for Public Service: Heroes of Tomorro,83,329,398,6.4,6,6.5,7.6
870,17K547,Brooklyn Academy of Science and the Environment,72,308,425,5.7,5.9,6.1,7
871,17K548,Brooklyn School for Music & Theatre,80,305,380,5.9,6.1,6.6,7.4
872,17K568,Brownsville Academy High School,64,96,151,8.5,7.5,8.5,8.9
873,17K587,Middle School for the Arts,83,303,364,5.3,5.8,6.6,7.1
874,17K590,Medgar Evers College Preparatory School,71,723,1023,5.7,5.3,6.2,7.3
875,17K600,Clara Barton High School,88,1455,1656,5.9,5.4,6,6.9
876,17K625,Paul Robeson High School,52,294,561,6.4,6,6.7,7.4
877,17K770,P.S. 770 New American Academy,,,0,,,,
878,18K066,P.S. 66,95,267,282,6.2,5.8,6.5,7.4
879,18K068,I.S. 068 Isaac Bildersee,90,818,904,5.4,5.4,6.1,7.3
880,18K114,P.S. 114 Ryder Elementary,,,0,,,,
881,18K115,P.S. 115 Daniel Mucatel School,,,0,,,,
882,18K135,P.S. 135 Sheldon A. Brookner,,,0,,,,
883,18K208,P.S. 208 Elsa Ebeling,,,0,,,,
884,18K211,I.S. 211 John Wilson,75,616,821,5.9,6,6.8,7.5
885,18K219,P.S. 219 Kennedy-King,,,0,,,,
886,18K233,P.S. 233 Langston Hughes,,,0,,,,
887,18K235,P.S. 235 Lenox School,98,278,283,6.7,5.9,6.7,7.8
888,18K244,P.S. 244 Richard R. Green,,,0,,,,
889,18K268,P.S. 268 Emma Lazarus,,,0,,,,
890,18K272,P.S. 272 Curtis Estabrook,,,0,,,,
891,18K276,P.S. 276 Louis Marshall,,,0,,,,
892,18K279,P.S. 279 Herman Schreiber,,,0,,,,
893,18K285,I.S. 285 Meyer Levin,92,846,921,5.6,5.3,6,7.3
894,18K366,THE SCIENCE AND MEDICINE MIDDLE SCHOOL,96,193,201,6.2,6.3,6.9,7.6
895,18K500,Canarsie High School,67,185,278,6.5,5.4,6.2,6.6
896,18K501,Learning To Work Yabc At Canarsie High School,53,86,161,7.7,6.4,7.4,7.8
897,18K563,It Takes a Village Academy,90,328,364,6.1,5.8,6.9,7.4
898,18K566,Brooklyn Generation School,77,224,292,6,5.7,5.9,6.8
899,18K567,Brooklyn Theatre Arts High School,92,300,326,5.8,6,6.4,7
900,18K569,Kurt Hahn Expeditionary Learning School,80,232,289,6.3,5.9,6.4,7
901,18K576,Victory Collegiate High School,76,245,322,6.6,6.3,6.7,7.6
902,18K578,Brooklyn Bridge Academy,38,79,210,7.1,7,7.3,7.9
903,18K581,East Flatbush Community Research School,87,201,231,5.6,6.2,6.6,7.3
904,18K588,Middle School for Art and Philosophy,84,284,337,5.2,5.8,6.2,7.1
905,18K589,Arts & Media Preparatory Academy,67,164,245,6.2,6.2,6.4,7.2
906,18K598,Middle School of Marketing and Legal Studies,81,263,325,6.6,6.6,7.3,8.3
907,18K617,High School for Innovation in Advertising and Medi,44,104,235,6.6,6.4,7,7.7
908,18K629,Cultural Academy for the Arts and Sciences,90,200,223,6,5.8,5.9,6.6
909,18K633,High School for Medical Professions,98,338,346,6.3,6.3,6.3,7.6
910,18K635,Olympus Academy,63,89,141,8,6.3,7.9,8.4
911,18K637,Academy for Conservation and the Environment,76,134,177,6.1,5.9,6,7.2
912,18K642,Urban Action Academy,70,175,251,6.1,5.9,6.6,7.2
913,18K673,EAST BROOKLYN COMMUNITY HIGH SCHOOL,59,110,187,7.8,7.3,7.7,8
914,18K922,South Shore Educational Complex Yabc,46,75,163,7.4,6.2,7.1,7.7
915,19K007,P.S. 007 Abraham Lincoln,,,0,,,,
916,19K013,P.S. 013 Roberto Clemente,,,0,,,,
917,19K065,P.S. 065,,,0,,,,
918,19K072,P.S./I.S. 072 Annette P Goldman,86,60,70,5.8,6.3,6,7.1
919,19K089,P.S. 089 Cypress Hills,96,76,79,7.1,6.2,7.1,7.8
920,19K108,P.S. 108 Sal Abbracciamento,,,0,,,,
921,19K149,P.S. 149 Danny Kaye,,,0,,,,
922,19K158,P.S. 158 Warwick,,,0,,,,
923,19K159,P.S. 159 Isaac Pitkin,,,0,,,,
924,19K166,J.H.S. 166 George Gershwin,91,448,491,5.9,6.1,7,7.4
925,19K171,I.S. 171 Abraham Lincoln,87,635,729,6.1,6.4,7,7.9
926,19K174,P.S. 174 Dumont,80,94,118,5.6,6,6,6.9
927,19K190,P.S. 190 Sheffield,,,0,,,,
928,19K202,P.S. 202 Ernest S. Jenkyns,90,220,245,5.5,5.9,6.6,7.2
929,19K213,P.S. 213 New Lots,,,0,,,,
930,19K214,P.S. 214 Michael Friedsam,,,0,,,,
931,19K218,J.H.S. 218 James P. Sinnott,81,466,573,5.4,5.6,6.4,7.3
932,19K224,P.S. 224 Hale A. Woodruff,100,70,70,7.4,8.1,8.3,8.9
933,19K260,P.S. 260 Breuckelen,92,33,36,7.1,7.5,8.1,8.3
934,19K273,P.S. 273 Wortman,,,0,,,,
935,19K290,P.S. 290 Juan Morel Campos,,,0,,,,
936,19K292,J.H.S. 292 Margaret S. Douglas,80,574,720,6,5.8,6.8,7.7
937,19K302,J.H.S. 302 Rafael Cordero,89,856,957,5.9,6,6.7,7.4
938,19K306,P.S. 306 Ethan Allen,98,190,194,5.3,6,6.5,7.2
939,19K311,Essence School,91,194,214,5.3,5.7,6.1,7.1
940,19K328,P.S. 328 Phyllis Wheatley,85,127,150,6.2,6.2,7.1,7.5
941,19K345,P.S. 345 Patrolman Robert Bolden,,,0,,,,
942,19K346,P.S. 346 Abe Stark,,,0,,,,
943,19K364,I.S. 364 Gateway,95,378,396,5.7,5.8,6.1,7.3
944,19K409,East New York Family Academy,79,330,416,6.7,6.2,6.7,7.5
945,19K420,Franklin K. Lane High School,64,228,355,6.3,5.5,6.4,7.1
946,19K431,Thomas Jefferson Yabc,58,111,192,8.8,7.6,8.6,8.7
947,19K452,Frederick Douglass Academy VIII Middle School,96,204,212,7.6,7,7.9,8.4
948,19K502,FDNY High School for Fire and Life Safety,73,270,371,5.4,5.4,5.7,6.8
949,19K504,High School for Civil Rights,69,273,395,6.4,6.1,6.8,7.5
950,19K507,Performing Arts and Technology High School,71,278,394,6.5,6,7.1,7.7
951,19K510,World Academy for Total Community Health High Scho,71,265,371,5.3,5.7,5.6,6.9
952,19K583,Multicultural High School,90,360,402,7.1,5.9,7,7.4
953,19K615,Transit Tech Career and Technical Education High S,51,713,1389,5.3,5.4,5.9,6.7
954,19K618,Academy of Innovative Technology,49,139,285,6.4,6.2,7,7.5
955,19K639,Brooklyn Lab School,70,210,301,5.6,5.8,5.8,6.5
956,19K659,Cypress Hills Collegiate Preparatory School,73,293,399,6.6,6.6,7,7.4
957,19K660,W. H. Maxwell Career and Technical Education High,56,385,688,5.8,5.7,6,6.8
958,19K677,EAST NEW YORK ELEMENTARY SCHOOL OF EXCELLENCE,,,0,,,,
959,19K678,EAST NEW YORK MIDDLE SCHOOL OF EXCELLENCE,100,139,139,7.8,8,8.4,8.7
960,19K683,"THE SCHOOL FOR CLASSICS: AN ACADEMY OF THINKERS, W",98,227,232,6.7,6.2,6.9,7
961,19K751,ACADEMY FOR HEALTH CAREERS,88,72,82,5.8,5.9,6.3,7
962,20K030,I.S. 30 Mary White Ovington,96,328,340,6.6,6.1,6.7,7.4
963,20K048,P.S. 048 Mapleton,,,0,,,,
964,20K062,J.H.S. 062 Ditmas,97,1171,1209,7,6.3,7.1,7.8
965,20K069,P.S. 69 Vincent D. Grippo School,,,0,,,,
966,20K102,P.S. 102 The Bayview,,,0,,,,
967,20K104,P.S./I.S. 104 The Fort Hamilton School,100,434,436,7,7.2,7.6,8.4
968,20K105,P.S. 105 The Blythebourne,,,0,,,,
969,20K112,P.S. 112 Lefferts Park,,,0,,,,
970,20K127,P.S. 127 Mckinley Park,,,0,,,,
971,20K160,P.S. 160 William T. Sampson,,,0,,,,
972,20K163,P.S. 163 Bath Beach,98,47,48,8.4,6.8,8,8.3
973,20K164,P.S. 164 Caesar Rodney,,,0,,,,
974,20K170,Ralph A. Fabrizio School,,,0,,,,
975,20K176,P.S. 176 Ovington,,,0,,,,
976,20K179,P.S. 179 Kensington,,,0,,,,
977,20K180,The SEEALL Academy,99,450,456,7.2,6.4,7.3,7.8
978,20K185,P.S. 185 Walter Kassenbrock,,,0,,,,
979,20K186,P.S. 186 Dr. Irving A Gladstone,,,0,,,,
980,20K187,The Christa McAuliffe School\I.S. 187,100,991,992,7.8,6.1,7.5,8
981,20K192,P.S. 192 - The Magnet School for Math and Science,96,213,223,7.4,7.2,7.6,8.2
982,20K200,P.S. 200 Benson School,,,0,,,,
983,20K201,J.H.S. 201 The Dyker Heights,96,1439,1492,6.8,5.5,6.8,7.5
984,20K204,P.S. 204 Vince Lombardi,,,0,,,,
985,20K205,P.S. 205 Clarion,,,0,,,,
986,20K220,J.H.S. 220 John J. Pershing,94,1177,1257,6.5,5.5,6.4,7.1
987,20K223,J.H.S. 223 The Montauk,96,576,602,7,6,7.1,7.8
988,20K227,J.H.S. 227 Edward B. Shallow,95,1252,1321,6.4,5.3,6.4,7.1
989,20K229,P.S. 229 Dyker,93,115,123,5.9,5.8,5.7,6.3
990,20K247,P.S. 247 Brooklyn,,,0,,,,
991,20K259,J.H.S. 259 William Mckinley,96,1347,1409,7.6,6.9,7.9,8.5
992,20K264,P.S. 264 BAY RIDGE ELEMENTARY SCHOOL FOR THE ARTS,,,0,,,,
993,20K310,P.S. 310,,,0,,,,
994,20K445,New Utrecht High School,14,419,3091,7,6.3,7.1,7.5
995,20K485,High School of Telecommunication Arts and Technol,80,1001,1256,7,6.3,6.8,7.6
996,20K490,Fort Hamilton High School,62,2589,4201,7.1,6.3,7,7.6
997,20K503,PS 503: The School of Discovery,,,0,,,,
998,20K505,Franklin Delano Roosevelt High School,81,2545,3138,6.8,5.6,6.5,7.1
999,20K506,P.S. 506: The School of Journalism & Technology,,,0,,,,
1000,20K609,Urban Assembly School for Criminal Justice,85,247,290,7.7,7.2,7.8,8.4
1001,20K658,Franklin Delano Roosevelt YABC,89,222,250,7.6,6.5,7.4,7.7
1002,20K682,THE ACADEMY OF TALENTED SCHOLARS,,,0,,,,
1003,20K686,BROOKLYN SCHOOL OF INQUIRY,,,0,,,,
1004,20K748,P.S. 748 BROOKLYN SCHOOL FOR GLOBAL SCHOLARS,,,0,,,,
1005,20K971,P.S. 971,,,0,,,,
1006,21K090,P.S. 90 Edna Cohen School,,,0,,,,
1007,21K095,P.S. 095 The Gravesend,99,179,180,6.3,5.7,6.4,7.2
1008,21K096,I.S. 096 Seth Low,96,805,842,6.6,6.3,7,7.7
1009,21K097,P.S. 97 The Highlawn,,,0,,,,
1010,21K098,I.S. 98 Bay Academy,99,1191,1204,7,6.4,7.1,7.8
1011,21K099,P.S. 099 Isaac Asimov,94,222,235,7.2,7.5,7.8,8
1012,21K100,P.S. 100 The Coney Island School,,,0,,,,
1013,21K101,P.S. 101 The Verrazano,,,0,,,,
1014,21K121,P.S. 121 Nelson A. Rockefeller,100,56,56,7.6,6.7,7.6,8.1
1015,21K128,P.S. 128 Bensonhurst,,,0,,,,
1016,21K153,P.S. 153 Homecrest,,,0,,,,
1017,21K177,P.S. 177 The Marlboro,,,0,,,,
1018,21K188,P.S. 188 Michael E. Berdy,,,0,,,,
1019,21K199,P.S. 199 Frederick Wachtel,,,0,,,,
1020,21K209,P.S. 209 Margaret Mead,100,198,198,6.6,6.1,6.9,7.7
1021,21K212,P.S. 212 Lady Deborah Moody,,,0,,,,
1022,21K215,P.S. 215 Morris H. Weiss,,,0,,,,
1023,21K216,P.S. 216 Arturo Toscanini,,,0,,,,
1024,21K225,P.S. K225 - The Eileen E. Zaglin,92,260,282,8,7,8,8.3
1025,21K226,P.S. 226 Alfred De B.Mason,99,261,264,7.3,6.6,7.5,7.9
1026,21K228,I.S. 228 David A. Boody,99,793,804,6.7,5.9,6.8,7.6
1027,21K238,P.S. 238 Anne Sullivan,97,158,163,7.8,7.7,8.2,8.8
1028,21K239,Mark Twain I.S. 239 for the Gifted & Talented,94,1247,1326,7.8,6.4,7.7,8
1029,21K253,P.S. 253,,,0,,,,
1030,21K281,I.S. 281 Joseph B Cavallaro,96,1228,1278,6.8,5.9,6.8,7.6
1031,21K288,P.S. 288 The Shirley Tanyhill,97,145,149,6,6.3,6.8,7.4
1032,21K303,I.S. 303 Herbert S. Eisenberg,98,697,712,7.8,7.4,8.2,8.7
1033,21K329,P.S. 329 Surfside,,,0,,,,
1034,21K337,International High School at Lafayette,94,306,324,7.6,7,7.1,7.8
1035,21K344,Rachel Carson High School for Coastal Studies,90,403,449,6.3,6.1,6.1,7.1
1036,21K348,High School of Sports Management,75,238,319,6,6.4,6.9,7.6
1037,21K410,Abraham Lincoln High School,76,1861,2443,6,5.8,6.2,7
1038,21K411,Abraham Lincoln Yabc,69,140,203,7.2,6.2,6.9,6.9
1039,21K468,Kingsborough Early College School,97,383,394,6.4,6.3,6.5,7.2
1040,21K525,Edward R. Murrow High School,89,3436,3860,7,6,6.8,7.3
1041,21K540,John Dewey High School,75,1879,2499,6.4,5.6,6.5,7
1042,21K559,Life Academy High School for Film and Music,47,98,210,6.2,6.4,6.4,7
1043,21K572,Expeditionary Learning School for Community Leader,70,135,192,6.4,5.9,6.1,6.8
1044,21K620,William E. Grady Career and Technical Education Hi,65,700,1076,5.5,5.5,6.2,6.9
1045,21K690,Brooklyn Studio Secondary School,94,797,850,6.5,5.9,6.7,7.1
1046,21K728,Liberation Diploma Plus,73,121,165,7.7,6.3,7.3,7.8
1047,22K014,J.H.S. 014 Shell Bank,92,584,635,6.3,5.7,6.7,7.5
1048,22K052,P.S. 052 Sheepshead Bay,,,0,,,,
1049,22K078,J.H.S. 078 Roy H. Mann,95,1043,1098,5.4,5.4,6,7.2
1050,22K109,P.S. 109,96,240,250,5.4,5.9,6.6,7.4
1051,22K119,P.S. 119 Amersfort,,,0,,,,
1052,22K134,P.S. K134,,,0,,,,
1053,22K139,P.S. 139 Alexine A. Fenty,,,0,,,,
1054,22K152,School of Science & Technology,,,0,,,,
1055,22K193,P.S. 193 Gil Hodges,,,0,,,,
1056,22K194,P.S. 194 Raoul Wallenberg,,,0,,,,
1057,22K195,P.S. 195 Manhattan Beach,,,0,,,,
1058,22K197,P.S. 197 Brooklyn,,,0,,,,
1059,22K198,P.S. 198 Brooklyn,,,0,,,,
1060,22K203,P.S. 203 Floyd Bennett,,,0,,,,
1061,22K206,P.S. 206 Joseph F Lamb,99,341,345,7,6,7.1,7.7
1062,22K207,P.S. 207 Elizabeth G. Leary,97,324,334,6.8,6.7,7.3,8
1063,22K217,P.S. 217 Colonel David Marcus School,,,0,,,,
1064,22K222,P.S. 222 Katherine R. Snyder,,,0,,,,
1065,22K234,J.H.S. 234 Arthur W. Cunningham,98,1796,1836,6.9,6.3,7.3,8
1066,22K236,P.S. 236 Mill Basin,,,0,,,,
1067,22K240,Andries Hudde,95,1018,1069,4.5,5.1,5.4,6.9
1068,22K245,P.S. 245,,,0,,,,
1069,22K251,P.S. 251 Paerdegat,,,0,,,,
1070,22K254,P.S. 254 Dag Hammarskjold,,,0,,,,
1071,22K255,P.S. 255 Barbara Reing School,,,0,,,,
1072,22K269,P.S. 269 Nostrand,,,0,,,,
1073,22K277,P.S. 277 Gerritsen Beach,,,0,,,,
1074,22K278,J.H.S. 278 Marine Park,94,919,978,6.6,6.5,7.1,8.1
1075,22K312,P.S. 312 Bergen Beach,,,0,,,,
1076,22K315,P.S. K315,,,0,,,,
1077,22K326,P.S. 326,,,0,,,,
1078,22K361,P.S. 361 East Flatbush Early Childhood School,,,0,,,,
1079,22K381,I. S. 381,93,383,411,5.4,5,5.3,6.8
1080,22K405,Midwood High School,85,3330,3921,6.5,5.4,6.2,7.1
1081,22K425,James Madison High School,86,2681,3117,6.5,6,6.7,7.3
1082,22K495,Sheepshead Bay High School,88,1759,1988,5.7,5.5,6.4,6.9
1083,22K535,Leon M. Goldstein High School for the Sciences,92,933,1015,7.6,6.3,7.1,7.6
1084,22K555,Brooklyn College Academy,98,605,616,7.5,6.5,7.1,8
1085,23K041,P.S. 041 Francis White,93,206,222,5.3,6.2,6.8,7.5
1086,23K073,P.S. 073 Thomas S. Boyland,89,124,139,6.4,5.9,6.8,7.6
1087,23K137,P.S./I.S. 137 Rachel Jean Mitchell,97,84,87,5.6,6.3,6.8,7.1
1088,23K150,P.S. 150 Christopher,98,44,45,6.6,6.5,7.3,7.6
1089,23K155,P.S./ I.S. 155 Nicholas Herkimer,97,184,189,6.2,6.2,7.3,7.7
1090,23K156,P.S. 156 Waverly,,,0,,,,
1091,23K165,P.S. 165 Ida Posner,90,147,163,6.3,6.6,7.4,7.8
1092,23K178,P.S. 178 Saint Clair Mckelway,93,177,190,5.5,6.2,7,7.5
1093,23K184,P.S. 184 Newport,83,141,169,6.4,6.3,6.8,7.6
1094,23K284,P.S. 284 Lew Wallace,95,168,176,6.7,6.5,7.3,7.7
1095,23K298,P.S. 298 Dr. Betty Shabazz,86,166,194,4.8,5.7,6,7.1
1096,23K323,P.S./I.S. 323,97,184,190,7.4,7.4,8.2,8.4
1097,23K327,P.S. 327 Dr. Rose B. English,93,199,214,5.6,5.6,6.5,7.4
1098,23K332,P.S. 332 Charles H. Houston,89,87,98,5.7,6,6.3,7.2
1099,23K392,I.S. 392,88,242,274,6.9,6.4,7.1,8.1
1100,23K493,Brooklyn Collegiate: A College Board School,81,469,580,6.1,5.8,6.6,7.4
1101,23K514,Frederick Douglass Academy VII High School,81,300,372,6.2,6.1,6.7,7.5
1102,23K518,Kappa V,97,252,261,5.7,5.7,6.3,7.3
1103,23K522,Mott Hall IV,100,255,255,6.4,6,6.7,7.5
1104,23K631,General D. Chappie James Elementary School of Science,,,0,,,,
1105,23K634,General D. Chappie James Middle School of Science,96,182,190,6.3,6.8,7.2,7.6
1106,23K643,Brooklyn Democracy Academy,64,116,182,7.9,6.9,7.7,8.3
1107,23K644,Eagle Academy for Young Men II,81,167,205,7.6,6.9,8.4,8.8
1108,23K645,EBC/ENY High School for Public Safety & Law,55,36,65,6.9,5.8,6.3,6.8
1109,23K646,Aspirations Diploma Plus High School,52,108,209,7.3,6.4,7.2,7.7
1110,23K647,Metropolitan Diploma Plus High School,77,151,196,7.4,7,7.5,8.1
1111,23K671,MOTT HALL BRIDGES MIDDLE SCHOOL,90,38,42,7.6,7.3,7.7,8.3
1112,23K697,Teachers Preparatory High School,90,492,549,6.4,6.3,7,7.8
1113,24Q005,I.S. 5 - The Walter Crowley Intermediate School,94,1412,1508,6.6,6,6.6,7.5
1114,24Q007,P.S. 007 Louis F. Simeone,,,0,,,,
1115,24Q012,P.S. 012 James B. Colgate,,,0,,,,
1116,24Q013,P.S. 013 Clement C. Moore,,,0,,,,
1117,24Q014,P.S. 014 Fairview,,,0,,,,
1118,24Q016,P.S. Q016,,,0,,,,
1119,24Q019,P.S. 019 Marino Jeantet,,,0,,,,
1120,24Q028,P.S. 28 - The Thomas Emanuel Early Childhood Cente,,,0,,,,
1121,24Q049,P.S. 049 Dorothy Bonawit Kole,97,197,203,7.4,7,7.3,8
1122,24Q058,P.S. 58 - School of Heroes,99,113,114,7.4,6.1,7.5,8
1123,24Q061,I.S. 061 Leonardo Da Vinci,95,2089,2188,6.5,6.2,6.8,7.7
1124,24Q068,P.S. 068 Cambridge,,,0,,,,
1125,24Q071,P.S. 071 Forest,,,0,,,,
1126,24Q073,I.S. 73 - The Frank Sansivieri Intermediate School,95,1413,1493,6.4,5.7,6.3,7.4
1127,24Q077,I.S. 077,97,1090,1127,6,5.9,6.3,7.1
1128,24Q081,P.S. 81Q Jean Paul Richter,,,0,,,,
1129,24Q087,P.S. 087 Middle Village,91,182,200,8.4,8.1,8.9,9.1
1130,24Q088,P.S. 088 Seneca,,,0,,,,
1131,24Q089,P.S. 089 Elmhurst,,,0,,,,
1132,24Q091,P.S. 091 Richard Arkwright,,,0,,,,
1133,24Q093,I.S. 093 Ridgewood,91,1166,1275,6.1,5.9,6.5,7.4
1134,24Q102,P.S. 102 Bayview,99,331,336,7.5,6.9,7.8,8.5
1135,24Q113,P.S. 113 Isaac Chauncey,98,179,183,9.3,8.7,9.2,9.4
1136,24Q119,I.S. 119 The Glendale,98,938,961,6.3,6.2,6.8,7.7
1137,24Q125,I.S. 125 Thom J. McCann Woodside,99,1424,1445,6.9,5.9,6.9,7.8
1138,24Q128,P.S. 128 Juniper Valley,98,124,126,8.7,7.8,8.5,8.9
1139,24Q143,P.S. 143 Louis Armstrong,,,0,,,,
1140,24Q153,P.S. 153 Maspeth Elem,100,165,165,8.2,7.9,8.7,8.9
1141,24Q199,P.S. 199 Maurice A. Fitzgerald,,,0,,,,
1142,24Q229,P.S. 229 Emanuel Kaplan,97,151,156,8.8,7.8,8.8,9.2
1143,24Q239,P.S. 239,,,0,,,,
1144,24Q264,Academy of Finance and Enterprise,95,400,420,7.3,6.5,6.9,7.9
1145,24Q267,High School of Applied Communication,95,330,346,6.8,6.2,6.5,7.3
1146,24Q290,P.S. 290,,,0,,,,
1147,24Q293,Civic Leadership Academy,92,295,320,7.3,6.7,7.4,7.8
1148,24Q296,Pan American International High School,87,294,339,7.3,6.1,7,7.6
1149,24Q299,Bard High School Early College II,88,460,522,7.9,6.8,7.4,8.4
1150,24Q305,Learners and Leaders,,,0,,,,
1151,24Q307,Pioneer Academy,,,0,,,,
1152,24Q330,P.S. 330,,,0,,,,
1153,24Q455,Newtown High School,74,2076,2787,6.4,5.9,6.4,7.1
1154,24Q457,HS Arts & Business Yabc,44,86,196,8,6.5,7.6,7.9
1155,24Q485,Grover Cleveland High School,56,1260,2260,6.4,5.7,6.5,7.2
1156,24Q520,Middle College High School at LaGuardia Community,70,321,460,7.3,6.1,6.8,7.4
1157,24Q530,International High School at LaGuardia Community C,84,381,453,8,6.9,7.3,7.8
1158,24Q550,High School for Arts and Business,84,632,750,7,5.5,6.8,7.4
1159,24Q560,"Robert F. Wagner, Jr. Secondary School for Arts an",87,478,549,7.2,6.2,6.5,7.1
1160,24Q600,Queens Vocational and Technical High School,85,1092,1285,6.6,5.8,6.3,7.2
1161,24Q610,Aviation Career & Technical Education High School,93,1932,2067,6.9,5.8,6.4,7.3
1162,24Q744,VOYAGES Preparatory,91,208,229,9.3,9.3,9,9.2
1163,24Q877,The 51 Avenue Academy (The Path To Academic Excell,,,0,,,,
1164,25Q020,P.S. 020 John Bowne,,,0,,,,
1165,25Q021,P.S. 021 Edward Hart,,,0,,,,
1166,25Q022,P.S. 022 Thomas Jefferson,,,0,,,,
1167,25Q024,P.S. 024 Andrew Jackson,,,0,,,,
1168,25Q025,I.S. 025 Adrien Block,97,801,824,6.1,5.6,6.1,7.2
1169,25Q029,P.S. 029 Queens,,,0,,,,
1170,25Q032,P.S. 032 State Street,,,0,,,,
1171,25Q079,P.S. 079 Francis Lewis,,,0,,,,
1172,25Q107,P.S. 107 Thomas A Dooley,,,0,,,,
1173,25Q120,P.S. 120 Queens,,,0,,,,
1174,25Q129,P.S. 129 Patricia Larkin,,,0,,,,
1175,25Q130,P.S. 130,,,0,,,,
1176,25Q154,P.S. 154 Queens,,,0,,,,
1177,25Q163,P.S. 163 Flushing Heights,,,0,,,,
1178,25Q164,P.S. 164 Queens Valley,91,202,221,6.6,5.6,6.6,7.5
1179,25Q165,P.S. 165 Edith K. Bergtraum,,,0,,,,
1180,25Q169,P.S. 169 Bay Terrace,,,0,,,,
1181,25Q184,P.S. 184 Flushing Manor,,,0,,,,
1182,25Q185,J.H.S. 185 Edward Bleeker,77,855,1114,6.7,5.8,6.6,7.6
1183,25Q189,J.H.S. 189 Daniel Carter Beard,98,773,786,7.4,7.1,7.4,8.2
1184,25Q193,P.S. 193 Alfred J. Kennedy,,,0,,,,
1185,25Q194,J.H.S. 194 William Carr,94,1050,1117,5.9,5.5,6,7.1
1186,25Q200,PS/MS 200 - The Pomonok School & STAR Academy,100,179,179,6.2,5.8,6.8,7.2
1187,25Q201,P.S. 201 The Discovery School for Inquiry and Rese,,,0,,,,
1188,25Q209,P.S. 209 Clearview Gardens,,,0,,,,
1189,25Q214,P.S. 214 Cadwallader Colden,,,0,,,,
1190,25Q219,P.S. 219 Paul Klapper,99,198,201,7.1,5.9,6.9,8
1191,25Q237,I.S. 237,98,1168,1189,6.5,5.9,6.8,7.3
1192,25Q242,P.S. 242 Leonard P. Stavisky Early Childhood Schoo,,,0,,,,
1193,25Q244,The Active Learning Elementary School,,,0,,,,
1194,25Q250,I.S. 250 The Robert F. Kennedy Community Middle Sc,99,368,371,5.9,5,6.1,6.8
1195,25Q252,"Queens School of Inquiry, The",100,491,491,7,6.4,7,7.7
1196,25Q263,Flushing International High School,89,352,397,7.4,7,7.2,7.5
1197,25Q281,East-West School of International Studies,95,547,574,6.7,5.8,6.4,7
1198,25Q285,World Journalism Preparatory: A College Board Scho,87,481,550,6.9,6.4,6.3,7.5
1199,25Q294,BELL Academy,99,298,302,7.3,6.3,7.1,7.6
1200,25Q425,John Bowne High School,80,2653,3329,6.8,5.8,6.5,7.1
1201,25Q460,Flushing High School,72,2103,2917,5.6,5.4,6.1,6.8
1202,25Q467,Flushing Yabc,87,216,249,8.6,7.5,8.5,8.6
1203,25Q499,"The Queens College School for Math, Science and Te",100,158,158,7,6.5,6.8,7.6
1204,25Q525,Townsend Harris High School,98,1070,1097,7.8,6,7.1,8.1
1205,25Q540,Queens Academy High School,72,222,310,6.9,5.8,6.5,7.2
1206,25Q670,Robert F. Kennedy Community High School,75,529,708,7.1,6.4,7.1,7.5
1207,25Q792,North Queens Community High School,82,143,174,7.5,7.1,7.6,8.4
1208,26Q018,P.S. 018 Winchester,,,0,,,,
1209,26Q026,P.S. 026 Rufus King,,,0,,,,
1210,26Q031,P.S. 031 Bayside,,,0,,,,
1211,26Q041,P.S. 041 Crocheron,,,0,,,,
1212,26Q046,P.S. 046 Alley Pond,,,0,,,,
1213,26Q067,J.H.S. 067 Louis Pasteur,91,829,909,6.5,6.2,6.9,7.6
1214,26Q074,J.H.S. 074 Nathaniel Hawthorne,98,920,938,7.3,6.4,7.3,7.7
1215,26Q094,P.S. 094 David D. Porter,,,0,,,,
1216,26Q098,P.S. 098 The Douglaston School,,,0,,,,
1217,26Q115,P.S. 115 Glen Oaks,,,0,,,,
1218,26Q133,P.S. 133 Queens,,,0,,,,
1219,26Q158,M.S. 158 Marie Curie,98,1048,1074,6.7,5.8,6.6,7.4
1220,26Q159,P.S. 159,,,0,,,,
1221,26Q162,P.S. 162 John Golden,,,0,,,,
1222,26Q172,Irwin Altman Middle School 172,96,952,993,5.9,5.6,6.4,7.2
1223,26Q173,P.S. 173 Fresh Meadows,,,0,,,,
1224,26Q178,P.S./ IS 178 Holliswood,92,155,168,7,6.6,7.4,8.3
1225,26Q186,P.S. 186 Castlewood,,,0,,,,
1226,26Q188,P.S. 188 Kingsbury,,,0,,,,
1227,26Q191,P.S. 191 Mayflower,,,0,,,,
1228,26Q203,P.S. 203 Oakland Gardens,,,0,,,,
1229,26Q205,P.S. 205 Alexander Graham Bell,,,0,,,,
1230,26Q213,P.S. 213 The Carl Ullman School,,,0,,,,
1231,26Q216,J.H.S. 216 George J. Ryan,97,1182,1218,6.1,5.6,6.2,7.1
1232,26Q221,P.S. 221 The North Hills School,,,0,,,,
1233,26Q266,P.S. / I.S. 266,98,261,266,6.6,5.4,6.7,7.3
1234,26Q415,Benjamin N. Cardozo High School,86,3393,3943,6.5,5.5,6.3,7
1235,26Q430,Francis Lewis High School,27,1103,4152,8.8,7.8,8.5,9
1236,26Q435,Martin Van Buren High School,69,1663,2420,5,5.1,5.4,6.3
1237,26Q495,Bayside High School,72,2527,3524,7.1,5.9,6.9,7.6
1238,26Q566,"Queens High School of Teaching, Liberal Arts and t",81,968,1193,6.4,6,6.2,7
1239,27Q042,P.S. 042 R. Vernam,75,135,181,5.2,6,6.2,7.1
1240,27Q043,P.S. 043,81,301,371,6.3,6.3,7.1,7.8
1241,27Q045,P.S. 045 Clarence Witherspoon,98,44,45,5.5,5.9,7,7.7
1242,27Q047,P.S. 047 Chris Galas,100,54,54,7.4,7.1,7.4,8.1
1243,27Q051,P.S. 051,,,0,,,,
1244,27Q053,M.S. 053 Brian Piccolo,79,368,466,5.3,5.7,6.1,7
1245,27Q056,P.S. 056 Harry Eichler,,,0,,,,
1246,27Q060,P.S. 060 Woodhaven,,,0,,,,
1247,27Q062,P.S. 062 Chester Park,,,0,,,,
1248,27Q063,P.S. 063 Old South,,,0,,,,
1249,27Q064,P.S. 064 Joseph P. Addabbo,,,0,,,,
1250,27Q065,P.S. 65 - The Raymond York Elementary School,,,0,,,,
1251,27Q066,P.S. 066 Jacqueline Kennedy Onassis,,,0,,,,
1252,27Q090,P.S. 090 Horace Mann,,,0,,,,
1253,27Q096,P.S. 096,100,30,30,7.1,6.9,7.8,8.3
1254,27Q097,P.S. 097 Forest Park,,,0,,,,
1255,27Q100,P.S. 100 Glen Morris,,,0,,,,
1256,27Q104,P.S. 104 The Bays Water,100,34,34,7.9,7.8,8.2,8.3
1257,27Q105,P.S. 105 The Bay School,97,278,286,5.9,5.8,6.8,7.6
1258,27Q106,P.S. 106,,,0,,,,
1259,27Q108,P.S. 108 Captain Vincent G. Fowler,,,0,,,,
1260,27Q114,P.S. / M.S. 114 Belle Harbor,99,114,115,7.5,7.1,7.7,8.4
1261,27Q123,P.S. 123,,,0,,,,
1262,27Q124,P.S. 124 Osmond A Church,99,352,354,8.5,8.3,8.6,8.8
1263,27Q137,M.S. 137 America's School of Heroes,95,1848,1945,5.9,5.9,6.7,7.4
1264,27Q146,P.S. 146 Howard Beach,100,190,190,7.7,6.5,7.8,8.2
1265,27Q155,P.S. 155,,,0,,,,
1266,27Q183,P.S. 183 Dr. Richard R. Green,95,177,187,7.9,8.4,8.5,9.2
1267,27Q197,P.S. 197 The Ocean School,97,62,64,7.1,6.5,7.9,8.2
1268,27Q202,J.H.S. 202 Robert H. Goddard,94,1027,1089,6.4,6.1,6.6,7.5
1269,27Q207,P.S. 207 Rockwood Park,96,196,204,7.3,6.7,7.9,8.3
1270,27Q210,J.H.S. 210 Elizabeth Blackwell,94,1923,2047,6.2,5.8,6.5,7.6
1271,27Q215,P.S. 215 Lucretia Mott,,,0,,,,
1272,27Q223,P.S. 223 Lyndon B. Johnson,,,0,,,,
1273,27Q225,P.S. 225 Seaside,96,49,51,6.3,6,6,7.1
1274,27Q226,J.H.S. 226 Virgil I. Grissom,91,1269,1400,5.8,6.1,6.4,7.3
1275,27Q232,P.S. 232 Lindenwood,100,260,261,7.7,7.7,7.9,8.7
1276,27Q253,P.S. 253,,,0,,,,
1277,27Q254,P.S. 254,,,0,,,,
1278,27Q260,Frederick Douglass Academy VI High School,84,329,394,6,5.6,6.2,7.3
1279,27Q262,Channel View School for Research,95,580,609,7.1,6.6,7.3,8.1
1280,27Q273,P.S. 273,,,0,,,,
1281,27Q282,Knowledge and Power Preparatory Academy VI,97,248,255,6.6,6.3,7.1,7.8
1282,27Q302,"Queens High School for Information, Research, and",47,113,242,6.3,6.1,6.5,7.1
1283,27Q306,New York City Academy for Discovery,,,0,,,,
1284,27Q308,Robert H. Goddard High School of Communication Art,97,417,431,6.6,6,6.5,7.3
1285,27Q309,Academy of Medical Technology: A College Board Sch,91,335,369,6.2,5.9,6.4,7.2
1286,27Q317,WATERSIDE CHILDREN'S STUDIO SCHOOL,,,0,,,,
1287,27Q318,WATERSIDE SCHOOL FOR LEADERSHIP,98,125,127,8,7.6,8.2,8.8
1288,27Q319,VILLAGE ACADEMY,86,135,157,7.8,7.1,8.2,8.5
1289,27Q323,Scholars' Academy,96,929,967,7.9,7.3,7.8,8.3
1290,27Q324,ROCKAWAY PARK HIGH SCHOOL FOR ENVIRONMENTAL SUSTAI,90,78,87,6.9,6.1,6.5,7
1291,27Q333,Goldie Maple Academy,100,89,89,8.8,9.6,8.7,8.7
1292,27Q400,August Martin High School,49,513,1040,5,5,5.4,6.4
1293,27Q410,Beach Channel High School,46,414,905,5.2,5,5.8,6.3
1294,27Q465,Far Rockaway High School,71,32,45,6.6,5,6.7,7.3
1295,27Q475,Richmond Hill High School,49,1376,2805,6,5.9,6.3,7
1296,27Q480,John Adams High School,78,2422,3112,6.2,5.6,6.3,7.1
1297,27Q487,John Adams Yabc,94,136,144,8.1,6.8,7.8,8.5
1298,27Q650,"High School for Construction Trades, Engineering a",83,737,892,6.6,6,6.3,7.3
1299,28Q008,J.H.S. 008 Richard S. Grossley,68,455,669,5.6,5.8,6.3,7.2
1300,28Q030,P.S. 030 Queens,,,0,,,,
1301,28Q040,P.S. 040 Samuel Huntington,100,43,43,8.3,8.1,8.9,9.4
1302,28Q048,P.S. 048 William Wordsworth,,,0,,,,
1303,28Q050,P.S. 050 Talfourd Lawn Elementary School,97,93,96,6.2,5.7,6.9,7.8
1304,28Q054,P.S. 054 Hillside,,,0,,,,
1305,28Q055,P.S. 055 Maure,100,68,68,7.9,7.1,8,8.2
1306,28Q072,Catherine & Count Basie Middle School 72,93,666,719,5.6,5.5,6.3,7.2
1307,28Q080,P.S. 080 Thurgood Marshall Magnet,,,0,,,,
1308,28Q082,P.S. 082 Hammond,,,0,,,,
1309,28Q086,P.S. Q086,100,207,207,7.2,6.5,7.4,7.9
1310,28Q099,P.S. 099 Kew Gardens,100,85,85,6.9,6.1,7.4,8.2
1311,28Q101,P.S. 101 School in the Gardens,100,50,50,7.5,7,7.7,8
1312,28Q117,P.S. 117 J. Keld / Briarwood School,91,158,174,7.3,6.6,7.4,7.8
1313,28Q121,P.S. 121 Queens,96,129,135,7.3,6.1,7.8,8.4
1314,28Q139,P.S. 139 Rego Park,100,91,91,7,6.5,7.7,8.1
1315,28Q140,P.S. 140 Edward K Ellington,92,69,75,6.4,6.4,7.3,8
1316,28Q144,P.S. 144 Col Jeromus Remsen,84,26,31,7.4,6.6,7.2,8
1317,28Q157,J.H.S. 157 Stephen A. Halsey,92,978,1068,6.9,6.5,7.1,7.4
1318,28Q160,P.S. 160 Walter Francis Bishop,90,82,91,6.4,6.1,7.4,7.9
1319,28Q161,P.S. 161 Arthur Ashe School,95,89,94,8.2,7.3,8.2,8.4
1320,28Q167,METROPOLITAN EXPEDITIONARY LEARNING SCHOOL,89,200,224,7.9,7.4,7.6,8.2
1321,28Q174,P.S. 174 William Sidney Mount,96,51,53,7.6,6.5,7.3,7.9
1322,28Q175,P.S. 175 The Lynn Gross Discovery School,,,0,,,,
1323,28Q182,P.S. 182 Samantha Smith,,,0,,,,
1324,28Q190,J.H.S. 190 Russell Sage,99,807,818,6.2,5.4,6.4,7.1
1325,28Q196,P.S. 196 Grand Central Parkway,,,0,,,,
1326,28Q206,P.S. 206 The Horace Harding School,,,0,,,,
1327,28Q217,J.H.S. 217 Robert A. Van Wyck,79,1072,1352,6.2,5.8,6.6,7.4
1328,28Q220,P.S. 220 Edward Mandel,,,0,,,,
1329,28Q284,York Early College Academy,99,394,398,6.6,6.2,6.8,7.8
1330,28Q303,The Academy for Excellence through the Arts,,,0,,,,
1331,28Q310,Queens Collegiate: A College Board School,74,229,309,6.9,6.4,7.2,7.6
1332,28Q325,HILLSIDE ARTS & LETTERS ACADEMY,97,87,90,6.4,6.2,6.5,7.4
1333,28Q328,HIGH SCHOOL FOR COMMUNITY LEADERSHIP,83,69,83,6.7,6.5,7.1,7.5
1334,28Q338,Queens Satellite High School for Opportunity,58,113,195,6.9,5.9,6.6,7.3
1335,28Q440,Forest Hills High School,78,2967,3820,6.7,5.8,6.6,7.4
1336,28Q470,Jamaica High School,75,771,1028,6.2,5.4,5.9,6.7
1337,28Q505,Hillcrest High School,54,1668,3088,7,7,7.4,8
1338,28Q620,Thomas A. Edison Career and Technical Education Hi,92,2119,2309,6.7,5.7,6.5,7.3
1339,28Q680,Queens Gateway to Health Sciences Secondary School,95,598,628,6.9,5.7,6.2,7.6
1340,28Q686,QUEENS METROPOLITAN HIGH SCHOOL,81,328,405,6.2,6.1,6.4,6.9
1341,28Q687,Queens High School for the Sciences at York Colle,99,399,405,7.2,6.5,6.8,7.9
1342,28Q690,High School for Law Enforcement and Public Safety,68,345,510,6.1,5.6,6.1,6.8
1343,28Q896,"Young Women's Leadership School, Queens",99,464,471,6.2,5.7,6.3,7.3
1344,29Q015,P.S. 015 Jackie Robinson,,,0,,,,
1345,29Q033,P.S. 033 Edward M. Funk,,,0,,,,
1346,29Q034,P.S. 034 John Harvard,,,0,,,,
1347,29Q035,P.S. 035 Nathaniel Woodhull,,,0,,,,
1348,29Q036,P.S. 036 Saint Albans School,,,0,,,,
1349,29Q037,Cynthia Jenkins School,,,0,,,,
1350,29Q038,P.S. 038 Rosedale,,,0,,,,
1351,29Q052,P.S. 052 Queens,,,0,,,,
1352,29Q059,I.S. 059 Springfield Gardens,92,641,694,5.2,5.3,6,7.1
1353,29Q095,P.S. 095 Eastwood,,,0,,,,
1354,29Q109,Jean Nuzzi Intermediate School,92,1002,1093,5.7,5.6,6.1,7.3
1355,29Q116,PS/IS 116 William C. Hughley,99,198,199,6.4,6,7,7.7
1356,29Q118,P.S. 118 Lorraine Hansberry,,,0,,,,
1357,29Q131,P.S. 131 Abigail Adams,,,0,,,,
1358,29Q132,P.S. 132 Ralph Bunche,,,0,,,,
1359,29Q134,P.S. 134 Hollis,,,0,,,,
1360,29Q135,The Bellaire School,,,0,,,,
1361,29Q136,P.S. 136 Roy Wilkins,,,0,,,,
1362,29Q138,P.S. 138 Sunrise,93,338,364,5.7,5.8,6.3,7.4
1363,29Q147,PS/MS 147 Ronald McNair,97,255,264,6.6,6.4,7.1,7.9
1364,29Q156,P.S. 156 Laurelton,99,275,279,5.5,5.6,6.1,7.2
1365,29Q176,P.S. 176 Cambria Heights,,,0,,,,
1366,29Q181,P.S. 181 Brookfield,,,0,,,,
1367,29Q192,I.S. 192 The Linden,82,583,711,8,8.3,8.5,8.8
1368,29Q195,P.S. 195 William Haberle,,,0,,,,
1369,29Q208,P.S. / I.S. 208,96,253,263,7.5,6.7,7.8,8.3
1370,29Q231,I.S. 231 Magnetech 2000,89,810,914,5.8,5.4,6.6,7.4
1371,29Q238,I.S. 238 Susan B Anthony,89,1382,1559,6.5,5.9,6.9,7.8
1372,29Q248,Queens Preparatory Academy,42,162,383,6.1,6.1,6.7,7.4
1373,29Q251,P.S. 251 Queens,,,0,,,,
1374,29Q259,Pathways College Preparatory School: A College Boa,73,387,530,5.3,5.7,6.3,7.1
1375,29Q265,Excelsior Preparatory High School,80,354,445,5.7,5.7,6.2,7.1
1376,29Q268,PS/IS 268,92,179,195,5.8,5.5,6.2,7.4
1377,29Q270,The Gordon Parks School,100,273,274,6.4,6,7,7.9
1378,29Q272,George Washington Carver High School for the Scien,86,374,435,5.9,5.5,6.2,7.1
1379,29Q283,Preparatory Academy for Writers: A College Board S,83,335,403,7,7.2,7.2,7.9
1380,29Q295,P.S./I.S. 295,100,184,184,7.4,6.6,7.4,8.1
1381,29Q326,CAMBRIA HEIGHTS ACADEMY,95,70,74,7.1,6.8,7.3,7.8
1382,29Q327,EAGLE ACADEMY FOR YOUNG MEN III,98,83,85,7,7.3,7.7,8
1383,29Q492,"Mathematics, Science Research and Technology Magne",87,354,408,6,5.5,6.1,6.9
1384,29Q494,"Law, Government and Community Service High School",77,304,396,5.3,5.2,5.4,6.4
1385,29Q496,"Business, Computer Applications & Entrepreneurship",85,296,348,5.7,5.7,6.1,6.9
1386,29Q498,Humanities & Arts Magnet High School,75,320,428,5.5,5.2,5.9,6.7
1387,30Q002,P.S. 002 Alfred Zimberg,,,0,,,,
1388,30Q010,I.S. 010 Horace Greeley,94,885,938,7.2,5.9,6.9,7.8
1389,30Q011,P.S. 011 Kathryn Phelan,86,146,170,7.7,6.7,7.9,8.1
1390,30Q017,P.S. 017 Henry David Thoreau,,,0,,,,
1391,30Q069,P.S. 069 Jackson Heights,,,0,,,,
1392,30Q070,P.S. 070 Queens,,,0,,,,
1393,30Q076,P.S. 076 William Hallet,,,0,,,,
1394,30Q078,P.S. 078,,,0,,,,
1395,30Q084,P.S. 084 Steinway,97,72,74,7.9,7.1,7.7,8
1396,30Q085,P.S. 085 Judge Charles Vallone,,,0,,,,
1397,30Q092,P.S. 092 Harry T. Stewart Sr.,,,0,,,,
1398,30Q111,P.S. 111 Jacob Blackwell,99,99,100,6.4,6.8,7.5,8
1399,30Q112,P.S. 112 Dutch Kills,,,0,,,,
1400,30Q122,P.S. 122 Mamie Fay,99,280,284,7.4,6.5,7.3,8.2
1401,30Q126,Albert Shanker School for Visual and Performing Ar,86,504,583,6.2,6.2,6.9,7.7
1402,30Q127,P.S. 127 Aerospace Science Magne,92,303,331,6,5.8,7,7.4
1403,30Q141,I.S. 141 The Steinway,95,952,1005,7,6.4,7,8.1
1404,30Q145,I.S. 145 Joseph Pulitzer,95,1912,2006,7.1,6.1,7.2,8
1405,30Q148,P.S. 148 Queens,,,0,,,,
1406,30Q149,P.S. 149 Christa Mcauliffe,,,0,,,,
1407,30Q150,P.S. 150 Queens,98,123,125,7.6,6.5,7.3,8.3
1408,30Q151,P.S. 151 Mary D. Carter,,,0,,,,
1409,30Q152,Q152 - P.S. 152 Gwendoline N. Alleyne School,100,48,48,9.4,9.3,9.6,9.6
1410,30Q166,P.S. 166 Henry Gradstein,,,0,,,,
1411,30Q171,P.S. 171 Peter G. Van Alst,,,0,,,,
1412,30Q204,I.S. 204 Oliver W. Holmes,96,661,685,6.2,6.1,6.7,7.4
1413,30Q212,P.S. 212,,,0,,,,
1414,30Q222,P.S. Q222 - Fire Fighter Christopher A. Santora Sc,,,0,,,,
1415,30Q227,I.S. 227 Louis Armstrong,95,1240,1301,7.2,6.7,7.4,8
1416,30Q228,P.S. 228 Early Childhood Magnet School of the Arts,,,0,,,,
1417,30Q230,I.S. 230,96,918,956,6.8,6.1,6.7,7.6
1418,30Q234,P.S. 234,,,0,,,,
1419,30Q235,Academy for New Americans,99,202,204,9.1,8.3,8.8,9.1
1420,30Q280,P.S. 280,,,0,,,,
1421,30Q286,"Young Women's Leadership School, Astoria",99,422,427,8.1,7.1,7.7,8.3
1422,30Q301,Academy for Careers in Television and Film,96,296,308,7.3,6.8,7.7,8.1
1423,30Q445,William Cullen Bryant High School,79,2256,2873,6.6,5.6,6.5,7.2
1424,30Q450,Long Island City High School,70,2329,3347,5.6,5.4,6,6.7
1425,30Q501,Frank Sinatra School of the Arts High School,88,637,723,7,5.8,6.3,7.1
1426,30Q502,Information Technology High School,91,832,916,6.5,6.1,6.6,7.1
1427,30Q555,Newcomers High School,85,864,1013,7.4,5.6,6.6,7
1428,30Q575,Academy of American Studies,96,645,671,6.8,6,6.8,7.7
1429,30Q580,Baccalaureate School for Global Education,97,390,401,8,7.1,7.4,8.4
1430,31R001,P.S. 001 Tottenville,,,0,,,,
1431,31R002,I.S. R002 George L. Egbert,92,839,916,5.7,5.7,6,7.1
1432,31R003,P.S. 003 The Margaret Gioiosa School,,,0,,,,
1433,31R004,P.S. 004 Maurice Wollin,,,0,,,,
1434,31R005,P.S. 005 Huguenot,,,0,,,,
1435,31R006,P.S. 6 Corporal Allan F. Kivlehan School,,,0,,,,
1436,31R007,I.S. 007 Elias Bernstein,98,1147,1171,7.3,6.4,7.3,8
1437,31R008,P.S. 8 Shirlee Solomon,,,0,,,,
1438,31R011,P.S. 11 Thomas Dongan School,,,0,,,,
1439,31R013,P.S. 013 M. L. Lindemeyer,,,0,,,,
1440,31R014,P.S. 014 Cornelius Vanderbilt,,,0,,,,
1441,31R016,P.S. 016 John J. Driscoll,,,0,,,,
1442,31R018,P.S. 018 John G. Whittier,,,0,,,,
1443,31R019,P.S. 019 The Curtis School,,,0,,,,
1444,31R020,P.S. 020 Port Richmond,,,0,,,,
1445,31R021,P.S. 21 Margaret Emery-Elm Park,,,0,,,,
1446,31R022,P.S. 022 Graniteville,,,0,,,,
1447,31R023,P.S. 023 Richmondtown,,,0,,,,
1448,31R024,I.S. 024 Myra S. Barnes,98,1409,1439,6.3,5.8,6.7,7.5
1449,31R026,P.S. 026 The Carteret School,,,0,,,,
1450,31R027,I.S. 027 Anning S. Prall,98,1053,1072,6.2,6,6.7,7.4
1451,31R029,P.S. 029 Bardwell,,,0,,,,
1452,31R030,P.S. 030 Westerleigh,,,0,,,,
1453,31R031,P.S. 031 William T. Davis,,,0,,,,
1454,31R032,P.S. 032 The Gifford School,,,0,,,,
1455,31R034,I.S. 034 Tottenville,100,1139,1143,7.2,6,7.3,8
1456,31R035,P.S. 35 The Clove Valley School,,,0,,,,
1457,31R036,P.S. 036 J. C. Drumgoole,,,0,,,,
1458,31R038,P.S. 038 George Cromwell,,,0,,,,
1459,31R039,P.S. 39 Francis J. Murphy Jr.,,,0,,,,
1460,31R041,P.S. 041 New Dorp,,,0,,,,
1461,31R042,P.S. 042 Eltingville,,,0,,,,
1462,31R044,P.S. 044 Thomas C. Brown,,,0,,,,
1463,31R045,P.S. 045 John Tyler,,,0,,,,
1464,31R046,P.S. 046 Albert V. Maniscalco,,,0,,,,
1465,31R047,CSI High School for International Studies,94,488,519,6.9,5.9,6.5,7.2
1466,31R048,P.S. 048 William C. Wilcox,,,0,,,,
1467,31R049,I.S. 49 Berta A. Dreyfus,94,807,863,6.2,5.8,6.9,7.5
1468,31R050,P.S. 050 Frank Hankinson,,,0,,,,
1469,31R051,I.S. 051 Edwin Markham,97,921,951,6,5.5,6.4,7.6
1470,31R052,P.S. 052 John C. Thompson,,,0,,,,
1471,31R053,P.S. 053 Bay Terrace,,,0,,,,
1472,31R054,P.S. 054 Charles W. Leng,,,0,,,,
1473,31R055,P.S. 055 Henry M. Boehm,,,0,,,,
1474,31R056,P.S. 56 The Louis Desario School,,,0,,,,
1475,31R057,P.S. 057 Hubert H. Humphrey,,,0,,,,
1476,31R058,Space Shuttle Columbia School,,,0,,,,
1477,31R060,P.S. 060 Alice Austen,,,0,,,,
1478,31R061,I.S. 061 William A Morris,92,1151,1247,6,6.5,7,8
1479,31R063,Marsh Avenue School for Expeditionary Learning,93,397,427,8.5,8,8.5,9
1480,31R064,Gaynor McCown Expeditionary Learning School,95,286,300,6.4,6.4,6.7,7.2
1481,31R065,P.S. 65 The Academy of Innovative Learning,,,0,,,,
1482,31R069,P.S. 069 Daniel D. Tompkins,,,0,,,,
1483,31R072,I.S. 072 Rocco Laurie,92,1454,1587,6,5.6,6.6,7.4
1484,31R074,P.S. 74 FUTURE LEADERS ELEMENTARY SCHOOL,,,0,,,,
1485,31R075,I.S. 075 Frank D. Paulo,97,1220,1258,6.9,5.7,7.1,7.6
1486,31R080,The Michael J. Petrides School,96,753,786,6.7,6.2,7.3,7.6
1487,31R440,New Dorp High School,90,2173,2408,6.1,5.7,6.4,6.9
1488,31R445,Port Richmond High School,74,1567,2119,5.2,5.1,5.7,6.6
1489,31R450,Curtis High School,77,1856,2424,6,5.8,6.6,7.2
1490,31R455,Tottenville High School,85,3165,3726,7.1,6.2,7.5,7.8
1491,31R460,Susan E. Wagner High School,92,2855,3088,6.7,6.2,7.1,7.5
1492,31R470,Concord High School,78,105,135,8,6.9,7.4,8
1493,31R600,Ralph R. McKee Career and Technical Education High,87,620,712,6,5.8,6.2,6.8
1494,31R605,Staten Island Technical High School,99,1003,1018,8.2,7.4,7.8,8.5
1495,31R607,Staten Island Yabc,92,87,95,7.5,6.2,7.2,7.2
1496,31R861,Staten Island School of Civic Leadership,99,259,262,7.6,6.7,7.5,8.4
1497,32K045,P.S. 045 Horace E. Greene,,,0,,,,
1498,32K075,P.S. 075 Mayda Cortiella,,,0,,,,
1499,32K086,P.S. 086 The Irvington,,,0,,,,
1500,32K106,P.S. 106 Edward Everett Hale,,,0,,,,
1501,32K116,P.S. 116 Elizabeth L Farrell,,,0,,,,
1502,32K123,P.S. 123 Suydam,,,0,,,,
1503,32K145,P.S. 145 Andrew Jackson,,,0,,,,
1504,32K151,P.S. 151 Lyndon B. Johnson,,,0,,,,
1505,32K162,J.H.S. 162 The Willoughby,81,490,603,6.1,5.7,6.2,7.1
1506,32K274,P.S. 274 Kosciusko,,,0,,,,
1507,32K291,J.H.S. 291 Roland Hayes,91,587,645,5.8,5.8,6.4,7.3
1508,32K296,J.H.S. 296 The Halsey School,88,456,519,5.3,5.6,6.2,7.1
1509,32K299,P.S. 299 Thomas Warren Field,,,0,,,,
1510,32K347,I.S. 347 School of Humanities,91,437,479,6.2,5.8,6.3,7.5
1511,32K349,"I.S. 349 Math, Science & Tech.",86,448,519,6.4,5.6,6.9,7.6
1512,32K376,P.S. 376,,,0,,,,
1513,32K377,P.S. 377 Alejandrina B. De Gautier,95,264,277,4.8,5.3,5.4,6.7
1514,32K383,J.H.S. 383 Philippa Schuyler,96,825,858,5.7,5.6,6.1,7.3
1515,32K384,P.S. /I.S. 384 Frances E. Carter,98,187,190,7.6,6.9,7.8,8.4
1516,32K403,Academy for Environmental Leadership,87,293,337,5.8,5.7,6.1,7.1
1517,32K545,EBC High School for Public ServiceBushwick,80,504,633,6.4,5.8,6.2,7
1518,32K549,Bushwick School for Social Justice,73,295,402,6.5,5.9,6.6,7.3
1519,32K552,Academy of Urban Planning,59,256,434,6.4,5.7,6.7,7.3
1520,32K554,All City Leadership Secondary School,88,206,235,8.9,7.1,8.4,8.9
1521,32K556,Bushwick Leaders High School for Academic Excellen,67,323,485,6.6,6,6.7,7.3
1522,32K564,Bushwick Community High School,61,215,351,8.3,6.5,7.6,8.1
1523,84K355,Williamsburg Collegiate Charter School,93,252,270,7.3,6.6,7.3,8.2
1524,84K356,Achievement First- Crown Heights Charter School,92,260,284,6.5,6.5,6.4,7.8
1525,84K357,KIPP AMP Charter School,72,181,250,6.1,6.4,6.7,7.6
1526,84K358,Achievement First East New York School,27,22,83,6.9,6.1,7.3,7.8
1527,84K359,The Uft Charter School,71,317,448,5.5,5.5,5.5,6.9
1528,84K362,Hellenic Classical Charter School,100,69,69,7.6,6.6,7.9,8.3
1529,84K473,Williamsburg Charter High School,93,732,788,6.7,6,6.4,7.2
1530,84K508,Achievement First Endeavor Charter School,92,208,226,6.2,5.7,5.9,7.3
1531,84K517,Leadership Prep Charter School,,,0,,,,
1532,84K536,Community Roots Charter School,,,0,,,,
1533,84K538,Achievement First Bushwick Charter School,96,218,226,7,6.1,6.6,8.2
1534,84K593,Excellence Charter School of Bedford Stuyvesant,98,45,46,6.2,5.2,6.5,8
1535,84K608,Kings Collegiate Charter School,92,169,184,6.1,5.5,6.1,7.9
1536,84K626,ACHIEVEMENT FIRST BROWNSVILLE CHARTER SCHOOL,,,0,,,,
1537,84K648,Bedford Stuyvesant Collegiate Charter School,99,113,114,8.2,8.2,8.3,9.2
1538,84K649,La Cima Charter School,,,0,,,,
1539,84K651,PAVE Academy Charter School,,,0,,,,
1540,84K652,Brooklyn Ascend Charter School,,,0,,,,
1541,84K693,Believe Northside Charter High School,92,154,167,6.8,6.3,6.8,7.3
1542,84K694,Believe Southside Charter High School,75,133,177,6.6,6.2,6.7,7.2
1543,84K701,Brooklyn Charter School,,,0,,,,
1544,84K702,Community Partnership Charter,100,32,32,6.6,7,6.6,7.6
1545,84K703,Beginning With Children Charter School,96,136,142,7.2,7,7.6,7.9
1546,84K704,Explore Charter School,98,124,126,7,6.6,7.1,7.9
1547,84K707,Brooklyn Prospect Charter School,87,173,200,7.4,7.5,7.5,7.8
1548,84K710,Brownsville Collegiate Charter School,93,70,75,6.4,5.8,6.4,7.6
1549,84K711,Leadership Preparatory Brownsville Charter School,,,0,,,,
1550,84K712,Excellence Girls Charter School,,,0,,,,
1551,84K726,Fahari Academy Charter School,81,42,52,6.3,5.4,6.3,7.6
1552,84K730,Summit Academy Charter School,86,142,165,7,6.9,7.6,7.9
1553,84K731,Brooklyn Excelsior Charter,39,91,231,6.4,6.2,7.1,7.7
1554,84K734,The Ethical Community Charter School (TECCS),,,0,,,,
1555,84K737,Brownsville Ascend Charter School,,,0,,,,
1556,84K740,Brooklyn Scholars Charter School,,,0,,,,
1557,84K742,Explore Empower Charter School,,,0,,,,
1558,84K744,Coney Island Preparatory Public Charter School,100,88,88,8.1,7.2,7.4,8.7
1559,84K746,Hebrew Language Academy Charter School,,,0,,,,
1560,84K769,Hyde Leadership Charter School- Brooklyn,,,0,,,,
1561,84K774,Achievement First Apollo Charter School,,,0,,,,
1562,84K775,Leadership Preparatory Ocean Hill Charter School,,,0,,,,
1563,84K777,Ocean Hill Collegiate Charter School,,,0,,,,
1564,84K780,Brooklyn East Collegiate Charter School,,,0,,,,
1565,84K782,Bedford Stuyvesant New Beginnings Charter School,,,0,,,,
1566,84K785,Imagine Me Leadership Charter School,,,0,,,,
1567,84K791,Brooklyn Dreams Charter School,,,0,,,,
1568,84K792,The Cultural Arts Academy at Spring Creek Charter,,,0,,,,
1569,84K793,Bushwick Ascend Charter School,,,0,,,,
1570,84K796,Lefferts Garden Charter School,,,0,,,,
1571,84K797,New Hope Academy Charter School,,,0,,,,
1572,84M279,The Opportunity Charter School,90,362,403,6.5,6.5,7.2,7.7
1573,84M284,Harlem Children's Zone/Promise Academy Charter Sch,82,243,295,7,6.7,7.7,8
1574,84M320,Manhattan Charter School,,,0,,,,
1575,84M329,Harlem Link Charter School,,,0,,,,
1576,84M330,Girls Preparatory Charter School of New York,96,47,49,7.1,6.1,6.4,7.5
1577,84M335,Harlem Village Academy Leadership Charter School,92,229,249,8.1,7.2,8,8.4
1578,84M336,KIPP Infinity Charter School,62,200,325,7.3,5.9,6.8,8
1579,84M337,New York City Center for Autism Charter School,,,0,,,,
1580,84M341,Harlem Children's Zone/Promise Academy II,82,32,39,6.5,7,7.3,8.3
1581,84M350,Democracy Preparatory Charter School,88,409,467,6.8,6,7,7.8
1582,84M351,Harlem Success Academy 1 Charter School,,,0,,,,
1583,84M353,New Heights Academy Charter School,88,579,658,6.2,6.1,6.5,7.5
1584,84M355,Ross Global Academy Charter School,96,133,138,6.3,6.4,7.2,7.4
1585,84M382,DREAM Charter School,,,0,,,,
1586,84M384,Harlem Success Academy 2 Charter School,,,0,,,,
1587,84M385,Harlem Success Academy 3 Charter School,,,0,,,,
1588,84M386,Harlem Success Academy 4 Charter School,,,0,,,,
1589,84M388,St. HOPE Leadership Academy Charter School,97,184,189,5.9,6,6.1,7.4
1590,84M430,The Equity Project Charter School (TEP),100,122,122,7.4,7.3,7.9,8.5
1591,84M433,Renaissance Charter High School for Innovation,98,128,131,7.2,6.9,6.9,7.8
1592,84M478,Inwood Academy for Leadership Charter School,,,0,,,,
1593,84M481,Democracy Preparatory Harlem Charter School,86,93,108,7.1,6.6,7.3,8.2
1594,84M482,Harlem Success Academy Charter School 5,,,0,,,,
1595,84M483,New York French American Charter School,,,0,,,,
1596,84M702,Sisulu-Walker Charter School,,,0,,,,
1597,84M704,Harbor Sciences and Arts Charter School,94,89,95,7,6.4,7.3,8
1598,84M705,Amber Charter School,,,0,,,,
1599,84M707,John V. Lindsay Wildcat Academy Charter School,61,267,438,7.6,6.7,7.1,7.5
1600,84M708,Harlem Day Charter School,,,0,,,,
1601,84M709,Harlem Village Academy Charter School,90,256,284,7.5,6.5,7.4,8.2
1602,84M726,KIPP S.T.A.R. Charter School,64,172,267,6.9,6.9,7.1,7.6
1603,84M861,Future Leaders Institute Charter School,100,96,96,7.1,6.9,7.8,8.3
1604,84Q170,Peninsula Preparatory Academy Charter School,,,0,,,,
1605,84Q304,VOICE Charter School of New York,,,0,,,,
1606,84Q321,Growing Up Green Charter School,,,0,,,,
1607,84Q340,Challenge Preparatory Charter School,,,0,,,,
1608,84Q341,Riverton Street Charter School,,,0,,,,
1609,84Q342,The Rochdale Early Advantage Charter School,,,0,,,,
1610,84Q704,Merrick Academy Charter School,100,47,47,5.5,5.7,6.8,7.7
1611,84Q705,"Renaissance Charter School, The",100,366,366,6.9,5.7,6.7,7.2
1612,84Q706,Our World Neighborhood Charter,99,248,251,6.7,6,6.9,7.3
1613,84R067,John W. Lavelle Preparatory Charter School,100,134,134,6.9,6.7,7.5,7.9
1614,84R071,Staten Island Community Charter School,,,0,,,,
1615,84R073,New World Preparatory Charter School,83,91,110,6.1,7.1,7,7.8
1616,84X165,Grand Concourse Charter School,,,0,,,,
1617,84X185,The Bronx Lighthouse Charter School,93,126,135,6.6,6.1,7,7.6
1618,84X255,Bronx Charter School for Excellence,100,51,51,7.3,7.4,8.1,8.3
1619,84X309,South Bronx Charter School For Int'L Culture & The,,,0,,,,
1620,84X345,Hyde Leadership Charter School,80,296,371,6.8,6.3,7.1,7.7
1621,84X346,South Bronx Classical Charter School,,,0,,,,
1622,84X347,International Leadership Charter School,68,200,292,5.9,5.5,5.5,6.8
1623,84X378,Icahn Charter School 2,,,0,,,,
1624,84X389,Bronx Global Learning Institute for Girls Charter,,,0,,,,
1625,84X393,Green Dot NY Charter School,97,285,295,6.9,6.5,6.8,7.7
1626,84X394,Mott Haven Academy Charter School,,,0,,,,
1627,84X395,"NYC CHARTER HIGH SCHOOL FOR ARCHITECTURE, ENGINEER",88,263,298,5.7,6,5.5,6.8
1628,84X398,Bronx Community Charter School,,,0,,,,
1629,84X407,Bronx Charter School for Children,,,0,,,,
1630,84X419,Bronx Academy of Promise Charter School,,,0,,,,
1631,84X422,Icahn Charter School 3,,,0,,,,
1632,84X461,Metropolitan Lighthouse Charter School,,,0,,,,
1633,84X482,Dr. Izquierdo Health and Science Charter School,98,92,94,6.5,5.9,6.8,7.1
1634,84X487,Girls Preparatory Charter School of the Bronx,,,0,,,,
1635,84X488,The Equality Charter School,98,212,216,6.6,6.6,7.2,7.7
1636,84X491,Academic Leadership Charter School,,,0,,,,
1637,84X493,Bronx Success Academy Charter School 1,,,0,,,,
1638,84X494,Bronx Success Academy Charter School 2,,,0,,,,
1639,84X496,Icahn Charter School 4,,,0,,,,
1640,84X499,Kingsbridge Innovative Design Charter School (KIDC,,,0,,,,
1641,84X703,Bronx Prep Charter School,70,418,601,6.6,6.4,6.9,7.5
1642,84X704,KIPP Academy Charter School,65,180,276,7.5,6.9,7.1,8
1643,84X705,Family Life Academy Charter School,100,76,76,9.2,8.6,9.3,9.5
1644,84X706,Harriet Tubman Charter School,97,144,148,6.5,6.2,6.8,7.9
1645,84X717,Icahn Charter School 1,100,109,109,7.4,6.3,7.6,8.3
1646,84X718,Bronx Charter School for Better Learning,,,0,,,,
1647,84X730,Bronx Charter School for Arts,100,19,19,7.4,8.8,8.4,8.7
